"","Name","Sample","Date","Act.Num","Number","DPE","F","M","Family","WormSource","Sex","worm_present","n_worms_found","Group","Depth","Measure","Alpha_diversity_mean","Alpha_diversity_sd"
"7","n10GR25xRG20B","n10GR25xRG20B","11/5/2015","10","10","42","GR25","RG20B","GRxRG","Echo","M","FALSE"," 0","GR25xRG20B",1000,"Observed",36.1,4.14093810881697
"34","n10GRAxGR13","n10GRAxGR13","11/19/2014","10"," 4","43","GRmixA","GR13","GRxGR","Gos","M","FALSE"," 0","GRAxGR13",1000,"Observed",29.55,3.31622804117157
"50","n10GRAxGRA","n10GRAxGRA","4/2/2015","10","10","44","GRA","GRA","GRxGR","Gos","M"," TRUE"," 1","GRAxGRA",1000,"Observed",31.3,3.82650039372243
"90","n10GRAxRG20","n10GRAxRG20","9/29/2015","10","10","41","GRA","RG20","GRxRG","Echo","F"," TRUE"," 1","GRAxRG20",1000,"Observed",117.25,9.04302580939995
"114","n10GRBxGR13","n10GRBxGR13","12/3/2014","10","10","43","GRmixB","GR13","GRxGR","Gos","F"," TRUE"," 1","GRBxGR13",1000,"Observed",40.55,4.00624512480203
"131","n10GRxGRA","n10GRxGRA","11/12/2014","10","10","43","GRmix","GRmixA","GRxGR","Gos","F","FALSE"," 0","GRxGRA",1000,"Observed",62.5,5.25657483037847
"241","n10GRxRG20A","n10GRxRG20A","10/6/2015","10","10","42","GR","RG20A","GRxRG","Echo","M"," TRUE"," 8","GRxRG20A",1000,"Observed",37.45,4.78456949611539
"274","n10RG20xGR13","n10RG20xGR13","9/24/2015","10","10","41","RG20","GR13","RGxGR","Echo","M"," TRUE"," 4","RG20xGR13",1000,"Observed",19.15,2.43386199496321
"298","n10RG27xGR27","n10RG27xGR27","12/10/2014","10","16","43","RG27","GR27","RGxGR","Gos","F","FALSE"," 0","RG27xGR27",1000,"Observed",78.6,3.39349222390213
"305","n10RG33xGR13","n10RG33xGR13","10/1/2015","10","10","46","RG33","GR13A","RGxGR","Echo","F","FALSE"," 0","RG33xGR13A",1000,"Observed",46.85,2.73909320377153
"314","n11GR25xRG20B","n11GR25xRG20B","11/5/2015","11","11","42","GR25","RG20B","GRxRG","Echo","F","FALSE"," 0","GR25xRG20B",1000,"Observed",19.8,2.21478286924356
"383","n11GRAxGR13","n11GRAxGR13","11/19/2014","11"," 5","43","GRmixA","GR13","GRxGR","Gos","M","FALSE"," 0","GRAxGR13",1000,"Observed",28.65,2.13430624744781
"390","n11GRAxGRA","n11GRAxGRA","4/2/2015","11","11","44","GRA","GRA","GRxGR","Gos","M"," TRUE"," 2","GRAxGRA",1000,"Observed",20.6,2.68328157299975
"419","n11GRAxRG20","n11GRAxRG20","9/29/2015","11","11","41","GRA","RG20","GRxRG","Echo","F"," TRUE"," 4","GRAxRG20",1000,"Observed",90.35,6.30183766013826
"439","n11GRBxGR13","n11GRBxGR13","12/3/2014","11","11","43","GRmixB","GR13","GRxGR","Gos","F"," TRUE"," 1","GRBxGR13",1000,"Observed",29.85,3.4070360633316
"469","n11GRxGRA","n11GRxGRA","11/12/2014","11","11","43","GRmix","GRmixA","GRxGR","Gos","M","FALSE"," 0","GRxGRA",1000,"Observed",64.1,3.4928498393146
"487","n11GRxRG20A","n11GRxRG20A","10/6/2015","11","11","42","GR","RG20A","GRxRG","Echo","F"," TRUE"," 5","GRxRG20A",1000,"Observed",143.4,5.43284359002578
"534","n11RG20xGR13","n11RG20xGR13","9/24/2015","11","11","41","RG20","GR13","RGxGR","Echo","M"," TRUE"," 2","RG20xGR13",1000,"Observed",31.9,3.50788585303096
"553","n11RG33xGR13","n11RG33xGR13","10/1/2015","11","11","46","RG33","GR13A","RGxGR","Echo",NA,"FALSE"," 0","RG33xGR13A",1000,"Observed",96.95,4.68452098320685
"562","n12GR25xRG20B","n12GR25xRG20B","11/5/2015","12","12","42","GR25","RG20B","GRxRG","Echo","M","FALSE"," 0","GR25xRG20B",1000,"Observed",65.4,4.6724275218957
"581","n12GRAxGRA","n12GRAxGRA","4/2/2015","12","12","44","GRA","GRA","GRxGR","Gos","M","FALSE"," 0","GRAxGRA",1000,"Observed",46.7,2.67739071721547
"602","n12GRxGRA","n12GRxGRA","11/12/2014","12","12","43","GRmix","GRmixA","GRxGR","Gos","F"," TRUE"," 2","GRxGRA",1000,"Observed",26.2,2.19089023002066
"628","n12GRxRG20A","n12GRxRG20A","10/6/2015","12","12","42","GR","RG20A","GRxRG","Echo","F"," TRUE"," 1","GRxRG20A",1000,"Observed",210.45,7.7219782030527
"642","n12RG20xGR13","n12RG20xGR13","9/24/2015","12","12","41","RG20","GR13","RGxGR","Echo","M"," TRUE"," 2","RG20xGR13",1000,"Observed",17.05,3.06894461543893
"707","n12RG33xGR13","n12RG33xGR13","10/1/2015","12","12","46","RG33","GR13A","RGxGR","Echo","F","FALSE"," 0","RG33xGR13A",1000,"Observed",173.9,4.20400811256666
"719","n13GR25xRG20B","n13GR25xRG20B","11/5/2015","13","13","42","GR25","RG20B","GRxRG","Echo","M","FALSE"," 0","GR25xRG20B",1000,"Observed",61.2,5.95244310744491
"742","n13GRAxGRA","n13GRAxGRA","4/2/2015","13","13","44","GRA","GRA","GRxGR","Gos","M","FALSE"," 0","GRAxGRA",1000,"Observed",30.55,4.19868400435435
"762","n13GRAxRG20","n13GRAxRG20","9/29/2015","13","13","41","GRA","RG20","GRxRG","Echo","F","FALSE"," 0","GRAxRG20",1000,"Observed",72.85,4.2087002619261
"782","n13GRBxGR13","n13GRBxGR13","12/4/2014","13"," 1","44","GRmixB","GR13","GRxGR","Gos","M","FALSE"," 0","GRBxGR13",1000,"Observed",154.75,6.87386354243376
"796","n13GRxGRA","n13GRxGRA","11/12/2014","13","13","43","GRmix","GRmixA","GRxGR","Gos","M","FALSE"," 0","GRxGRA",1000,"Observed",27.35,2.8704483420209
"803","n13GRxRG20A","n13GRxRG20A","10/6/2015","13","13","42","GR","RG20A","GRxRG","Echo","F"," TRUE"," 1","GRxRG20A",1000,"Observed",197.65,6.93788227965247
"913","n13RG20xGR13","n13RG20xGR13","9/24/2015","13","13","41","RG20","GR13","RGxGR","Echo","M"," TRUE"," 6","RG20xGR13",1000,"Observed",34.65,3.0135658193191
"943","n13RG33xGR13","n13RG33xGR13","10/1/2015","13","13","46","RG33","GR13A","RGxGR","Echo","M","FALSE"," 0","RG33xGR13A",1000,"Observed",115.95,9.31594558299173
"955","n14GR25xRG20B","n14GR25xRG20B","11/5/2015","14","14","42","GR25","RG20B","GRxRG","Echo","F","FALSE"," 0","GR25xRG20B",1000,"Observed",114.4,6.44327474764845
"974","n14GRAxGR13","n14GRAxGR13","11/19/2014","14"," 8","43","GRmixA","GR13","GRxGR","Gos","F","FALSE"," 0","GRAxGR13",1000,"Observed",35.65,4.80432918807282
"991","n14GRAxGRA","n14GRAxGRA","4/2/2015","14","14","44","GRA","GRA","GRxGR","Gos","M","FALSE"," 0","GRAxGRA",1000,"Observed",58.65,5.20399643998422
"1007","n14GRAxRG20","n14GRAxRG20","9/29/2015","14","14","41","GRA","RG20","GRxRG","Echo","F","FALSE"," 0","GRAxRG20",1000,"Observed",16.65,2.88872581636009
"1045","n14GRBxGR13","n14GRBxGR13","12/4/2014","14"," 2","44","GRmixB","GR13","GRxGR","Gos","M","FALSE"," 0","GRBxGR13",1000,"Observed",113.95,4.75145407106853
"1057","n14GRxGRA","n14GRxGRA","12/9/2014","14","14","42","GR","GRmixA","GRxGR","Gos","F"," TRUE"," 3","GRxGRA",1000,"Observed",10.3,2.65766022936282
"1081","n14GRxRG20A","n14GRxRG20A","10/6/2015","14","14","42","GR","RG20A","GRxRG","Echo","F"," TRUE"," 3","GRxRG20A",1000,"Observed",68.25,2.88142873917565
"1089","n14RG20xGR13","n14RG20xGR13","9/24/2015","14","14","41","RG20","GR13","RGxGR","Echo","F","FALSE"," 0","RG20xGR13",1000,"Observed",32.5,4.79583152331272
"1122","n14RG33xGR13","n14RG33xGR13","10/1/2015","14","14","46","RG33","GR13A","RGxGR","Echo","M"," TRUE"," 1","RG33xGR13A",1000,"Observed",130.05,8.02282926863611
"1138","n15GR25xRG20B","n15GR25xRG20B","11/5/2015","15","15","42","GR25","RG20B","GRxRG","Echo","M","FALSE"," 0","GR25xRG20B",1000,"Observed",147.35,6.00241179597177
"1149","n15GRAxGR13","n15GRAxGR13","11/19/2014","15"," 9","43","GRmixA","GR13","GRxGR","Gos","M","FALSE"," 0","GRAxGR13",1000,"Observed",52.85,5.07081432264452
"1160","n15GRAxGRA","n15GRAxGRA","4/2/2015","15","15","44","GRA","GRA","GRxGR","Gos","F","FALSE"," 0","GRAxGRA",1000,"Observed",118.9,6.44735767990512
"1187","n15GRAxRG20","n15GRAxRG20","9/29/2015","15","15","41","GRA","RG20","GRxRG","Echo","F"," TRUE"," 4","GRAxRG20",1000,"Observed",192.2,7.76361283234335
"1205","n15GRBxGR13","n15GRBxGR13","12/4/2014","15"," 3","44","GRmixB","GR13","GRxGR","Gos","F","FALSE"," 0","GRBxGR13",1000,"Observed",26.95,3.60518632265416
"1251","n15GRxGRA","n15GRxGRA","12/9/2014","15","15","42","GR","GRmixA","GRxGR","Gos","F","FALSE"," 0","GRxGRA",1000,"Observed",17.45,2.72367785404801
"1272","n15GRxRG20A","n15GRxRG20A","10/6/2015","15","15","42","GR","RG20A","GRxRG","Echo","M"," TRUE"," 6","GRxRG20A",1000,"Observed",223.7,6.79086073143046
"1288","n15RG20xGR13","n15RG20xGR13","9/24/2015","15","15","41","RG20","GR13","RGxGR","Echo","F"," TRUE"," 1","RG20xGR13",1000,"Observed",33.65,3.82890667368499
"1323","n15RG33xGR13","n15RG33xGR13","10/1/2015","15","15","46","RG33","GR13A","RGxGR","Echo",NA,"FALSE"," 0","RG33xGR13A",1000,"Observed",127.05,5.88910680386834
"1335","n16GR25xRG20B","n16GR25xRG20B","11/5/2015","16","16","42","GR25","RG20B","GRxRG","Echo","M","FALSE"," 0","GR25xRG20B",1000,"Observed",183.7,6.41626223378001
"1350","n16GRAxGR13","n16GRAxGR13","11/19/2014","16","10","43","GRmixA","GR13","GRxGR","Gos","F"," TRUE"," 2","GRAxGR13",1000,"Observed",29.1,3.07622461708128
"1378","n16GRAxGRA","n16GRAxGRA","4/2/2015","16","16","44","GRA","GRA","GRxGR","Gos","M","FALSE"," 0","GRAxGRA",1000,"Observed",213.5,8.25577947481897
"1394","n16GRAxRG20","n16GRAxRG20","9/29/2015","16","16","41","GRA","RG20","GRxRG","Echo","F"," TRUE"," 4","GRAxRG20",1000,"Observed",56.05,3.36350381220787
"1411","n16GRxGRA","n16GRxGRA","12/9/2014","16","16","42","GR","GRmixA","GRxGR","Gos","M","FALSE"," 0","GRxGRA",1000,"Observed",75.45,2.83725219182222
"1419","n16GRxRG20A","n16GRxRG20A","10/6/2015","16","16","42","GR","RG20A","GRxRG","Echo","M"," TRUE"," 3","GRxRG20A",1000,"Observed",93.15,7.65214108324557
"1448","n16RG20xGR13","n16RG20xGR13","9/24/2015","16","16","41","RG20","GR13","RGxGR","Echo","F"," TRUE"," 6","RG20xGR13",1000,"Observed",31,2.79096285969744
"1475","n16RG33xGR13","n16RG33xGR13","10/1/2015","16","16","46","RG33","GR13A","RGxGR","Echo","M"," TRUE"," 1","RG33xGR13A",1000,"Observed",167.95,7.52871695226806
"1501","n17GRAxGR13","n17GRAxGR13","11/19/2014","17","11","43","GRmixA","GR13","GRxGR","Gos","F","FALSE"," 0","GRAxGR13",1000,"Observed",64.5,5.06276396322882
"1521","n17GRAxRG20","n17GRAxRG20","9/29/2015","17","17","41","GRA","RG20","GRxRG","Echo",NA," TRUE"," 7","GRAxRG20",1000,"Observed",18.3,3.81272108936166
"1553","n17GRxGRA","n17GRxGRA","12/9/2014","17","17","42","GR","GRmixA","GRxGR","Gos","F","FALSE"," 0","GRxGRA",1000,"Observed",51.85,5.49904297893829
"1590","n17GRxRG20A","n17GRxRG20A","10/6/2015","17","17","42","GR","RG20A","GRxRG","Echo","F"," TRUE"," 2","GRxRG20A",1000,"Observed",44.5,2.50263019536184
"1597","n17RG20xGR13","n17RG20xGR13","9/24/2015","17","17","41","RG20","GR13","RGxGR","Echo","F"," TRUE"," 3","RG20xGR13",1000,"Observed",34.5,3.36389498553154
"1613","n17RG33xGR13","n17RG33xGR13","10/1/2015","17","17","46","RG33","GR13A","RGxGR","Echo","F"," TRUE"," 7","RG33xGR13A",1000,"Observed",36,4.26737932644726
"1640","n18GR25xRG20B","n18GR25xRG20B","11/5/2015","18","18","42","GR25","RG20B","GRxRG","Echo","M","FALSE"," 0","GR25xRG20B",1000,"Observed",259.35,7.40749975575963
"1653","n18GRAxGRA","n18GRAxGRA","2/4/2015","18"," 2","43","GRmixA","GRmixA","GRxGR","Gos","M","FALSE"," 0","GRAxGRA",1000,"Observed",51.4,7.5351806460377
"1709","n18GRBxGR13","n18GRBxGR13","12/4/2014","18"," 6","44","GRmixB","GR13","GRxGR","Gos","M","FALSE"," 0","GRBxGR13",1000,"Observed",112.05,4.52449473771149
"1718","n18GRxGRA","n18GRxGRA","12/9/2014","18","10","42","GR","GRmixA","GRxGR","Gos","M","FALSE"," 0","GRxGRA",1000,"Observed",54.15,3.71731368768249
"1730","n18GRxRG20A","n18GRxRG20A","10/6/2015","18","18","42","GR","RG20A","GRxRG","Echo",NA," TRUE"," 5","GRxRG20A",1000,"Observed",132.6,7.19210093015064
"1764","n18RG20xGR13","n18RG20xGR13","9/24/2015","18","18","41","RG20","GR13","RGxGR","Echo","F"," TRUE"," 1","RG20xGR13",1000,"Observed",48.7,5.30243241104346
"1807","n18RG33xGR13","n18RG33xGR13","10/1/2015","18","18","46","RG33","GR13A","RGxGR","Echo","M"," TRUE","15","RG33xGR13A",1000,"Observed",35.2,4.22523745829123
"1830","n19GR25xRG20B","n19GR25xRG20B","11/5/2015","19","19","42","GR25","RG20B","GRxRG","Echo","M"," TRUE"," 9","GR25xRG20B",1000,"Observed",75.35,5.66870448394656
"1845","n19GRAxGRA","n19GRAxGRA","2/4/2015","19"," 3","43","GRmixA","GRmixA","GRxGR","Gos","F"," TRUE"," 3","GRAxGRA",1000,"Observed",13.3,1.97617386833617
"1868","n19GRAxRG20","n19GRAxRG20","10/1/2015","19","19","43","GRA","RG20","GRxRG","Echo","M"," TRUE"," 1","GRAxRG20",1000,"Observed",101.05,5.60521373835393
"1880","n19GRBxGR13","n19GRBxGR13","12/4/2014","19"," 7","44","GRmixB","GR13","GRxGR","Gos","M"," TRUE"," 2","GRBxGR13",1000,"Observed",216.95,6.93939933696676
"1893","n19GRxGRA","n19GRxGRA","12/9/2014","19","11","42","GR","GRmixA","GRxGR","Gos","M","FALSE"," 0","GRxGRA",1000,"Observed",33.6,3.99209745688443
"1906","n19GRxRG20A","n19GRxRG20A","10/6/2015","19","19","42","GR","RG20A","GRxRG","Echo","F"," TRUE"," 3","GRxRG20A",1000,"Observed",84.85,5.96723509984667
"1922","n19RG20xGR13","n19RG20xGR13","9/24/2015","19","19","41","RG20","GR13","RGxGR","Echo","F"," TRUE"," 2","RG20xGR13",1000,"Observed",57.15,3.4070360633316
"1954","n19RG33xGR13","n19RG33xGR13","9/29/2015","19","19","44","RG33","GR13A","RGxGR","Echo","M","FALSE"," 0","RG33xGR13A",1000,"Observed",167.65,7.30735030096769
"1968","n1GR25xRG20B","n1GR25xRG20B","11/5/2015"," 1"," 1","42","GR25","RG20B","GRxRG","Echo","M","FALSE"," 0","GR25xRG20B",1000,"Observed",36.1,5.03566229376456
"2005","n1GRAxGR13","n1GRAxGR13","11/12/2014"," 1"," 1","43","GRmixA","GR13","GRxGR","Gos","M"," TRUE"," 2","GRAxGR13",1000,"Observed",39.4,4.30910907875765
"2020","n1GRAxGRA","n1GRAxGRA","4/2/2015"," 1"," 1","44","GRA","GRA","GRxGR","Gos","M"," TRUE"," 1","GRAxGRA",1000,"Observed",47.4,2.76062540587798
"2030","n1GRAxRG20","n1GRAxRG20","9/29/2015"," 1"," 1","41","GRA","RG20","GRxRG","Echo","M"," TRUE"," 2","GRAxRG20",1000,"Observed",63.65,6.08081538853743
"2062","n1GRBxGR13","n1GRBxGR13","12/3/2014"," 1"," 1","43","GRmixB","GR13","GRxGR","Gos","F"," TRUE"," 3","GRBxGR13",1000,"Observed",29.2,4.77493455452533
"2093","n1GRxGRA","n1GRxGRA","12/10/2014"," 1"," 1","43","GR","GRmixA","GRxGR","Gos","F"," TRUE"," 2","GRxGRA",1000,"Observed",25.1,3.14391643119148
"2106","n1GRxGRnum2","n1GRxGRnum2","1/7/2015"," 1"," 1","43","GR","GR#2","GRxGR","Gos","M","FALSE"," 0","GRxGRnum2",1000,"Observed",53.75,4.01149663631392
"2114","n1GRxRG20A","n1GRxRG20A","10/6/2015"," 1"," 1","42","GR","RG20A","GRxRG","Echo","M"," TRUE","10","GRxRG20A",1000,"Observed",129.3,6.45714618404333
"2134","n1RG20xGR13","n1RG20xGR13","9/24/2015"," 1"," 1","41","RG20","GR13","RGxGR","Echo","F"," TRUE"," 5","RG20xGR13",1000,"Observed",62.8,3.70774438453524
"2145","n1RG27xGR27","n1RG27xGR27","12/10/2014"," 1"," 7","43","RG27","GR27","RGxGR","Gos","F","FALSE"," 0","RG27xGR27",1000,"Observed",77.25,5.54289493049673
"2173","n1RG33xGR13","n1RG33xGR13","10/1/2015"," 1"," 1","46","RG33","GR13A","RGxGR","Echo","M"," TRUE"," 1","RG33xGR13A",1000,"Observed",185.3,7.08668135530158
"2189","n20GR25xRG20B","n20GR25xRG20B","11/5/2015","20","20","42","GR25","RG20B","GRxRG","Echo","F","FALSE"," 0","GR25xRG20B",1000,"Observed",16.15,3.51350776889781
"2210","n20GRAxGRA","n20GRAxGRA","2/4/2015","20"," 4","43","GRmixA","GRmixA","GRxGR","Gos","F","FALSE"," 0","GRAxGRA",1000,"Observed",39.75,4.95107643798163
"2273","n20GRBxGR13","n20GRBxGR13","12/4/2014","20"," 8","44","GRmixB","GR13","GRxGR","Gos","F","FALSE"," 0","GRBxGR13",1000,"Observed",23.1,2.78907643646083
"2293","n20GRxGRA","n20GRxGRA","12/9/2014","20","12","42","GR","GRmixA","GRxGR","Gos","M","FALSE"," 0","GRxGRA",1000,"Observed",66.85,5.99363697687192
"2316","n20GRxRG20A","n20GRxRG20A","10/6/2015","20","20","42","GR","RG20A","GRxRG","Echo","F"," TRUE"," 4","GRxRG20A",1000,"Observed",179.5,10.5805183436849
"2339","n20RG20xGR13","n20RG20xGR13","9/25/2015","20"," 1","42","RG20","GR13","RGxGR","Echo","M","FALSE"," 0","RG20xGR13",1000,"Observed",53.25,3.40085128661696
"2351","n20RG33xGR13","n20RG33xGR13","9/29/2015","20","20","44","RG33","GR13A","RGxGR","Echo","F"," TRUE"," 1","RG33xGR13A",1000,"Observed",38.15,2.73909320377153
"2359","n21GR25xRG20B","n21GR25xRG20B","11/6/2015","21"," 1","42","GR25","RG20B","GRxRG","Echo","M"," TRUE"," 2","GR25xRG20B",1000,"Observed",289.3,9.25714517775892
"2396","n21GRAxRG20","n21GRAxRG20","10/1/2015","21","21","43","GRA","RG20","GRxRG","Echo","M"," TRUE"," 1","GRAxRG20",1000,"Observed",107.55,8.1465200836728
"2411","n21GRBxGR13","n21GRBxGR13","12/4/2014","21"," 9","44","GRmixB","GR13","GRxGR","Gos","F","FALSE"," 0","GRBxGR13",1000,"Observed",140,8.61455316982776
"2445","n21GRxRG20A","n21GRxRG20A","10/6/2015","21","21","42","GR","RG20A","GRxRG","Echo","F"," TRUE"," 2","GRxRG20A",1000,"Observed",83.1,5.95509512054483
"2475","n21RG20xGR13","n21RG20xGR13","9/25/2015","21"," 2","42","RG20","GR13","RGxGR","Echo","M"," TRUE"," 9","RG20xGR13",1000,"Observed",43.1,5.80290308470909
"2512","n21RG33xGR13","n21RG33xGR13","9/29/2015","21","21","44","RG33","GR13A","RGxGR","Echo","F","FALSE"," 0","RG33xGR13A",1000,"Observed",244.15,6.50728336881876
"2541","n22GR25xRG20B","n22GR25xRG20B","11/6/2015","22"," 2","42","GR25","RG20B","GRxRG","Echo","M","FALSE"," 0","GR25xRG20B",1000,"Observed",172.95,6.36995414343571
"2564","n22GRAxGRA","n22GRAxGRA","2/4/2015","22"," 6","43","GRmixA","GRmixA","GRxGR","Gos","M","FALSE"," 0","GRAxGRA",1000,"Observed",78.05,4.32221921556143
"2587","n22GRxRG20A","n22GRxRG20A","10/6/2015","22","22","42","GR","RG20A","GRxRG","Echo","F"," TRUE"," 3","GRxRG20A",1000,"Observed",72.1,7.16644226494863
"2624","n22RG33xGR13","n22RG33xGR13","9/29/2015","22","22","44","RG33","GR13A","RGxGR","Echo","M","FALSE"," 0","RG33xGR13A",1000,"Observed",151.85,7.13239459309277
"2639","n23GR25xRG20B","n23GR25xRG20B","11/6/2015","23"," 3","42","GR25","RG20B","GRxRG","Echo","F","FALSE"," 0","GR25xRG20B",1000,"Observed",52.25,3.79577327258124
"2650","n23GRAxRG20","n23GRAxRG20","10/1/2015","23","23","43","GRA","RG20","GRxRG","Echo","M"," TRUE"," 1","GRAxRG20",1000,"Observed",204.95,6.89374239513824
"2672","n23GRxRG20A","n23GRxRG20A","10/6/2015","23","23","42","GR","RG20A","GRxRG","Echo","F"," TRUE"," 2","GRxRG20A",1000,"Observed",156.95,7.22186008988645
"2692","n23RG20xGR13","n23RG20xGR13","9/25/2015","23"," 4","42","RG20","GR13","RGxGR","Echo","M"," TRUE"," 5","RG20xGR13",1000,"Observed",30.05,3.25212481148459
"2707","n23RG33xGR13","n23RG33xGR13","9/29/2015","23","23","44","RG33","GR13A","RGxGR","Echo","M"," TRUE"," 0","RG33xGR13A",1000,"Observed",137.2,6.21204263380497
"2719","n24GR25xRG20B","n24GR25xRG20B","11/6/2015","24"," 4","42","GR25","RG20B","GRxRG","Echo","M","FALSE"," 0","GR25xRG20B",1000,"Observed",90.4,6.16782824527061
"2755","n24GRAxRG20","n24GRAxRG20","10/1/2015","24","24","43","GRA","RG20","GRxRG","Echo","M"," TRUE","12","GRAxRG20",1000,"Observed",257.1,7.12224092470015
"2780","n24RG20xGR13","n24RG20xGR13","9/25/2015","24"," 5","42","RG20","GR13","RGxGR","Echo","F"," TRUE"," 1","RG20xGR13",1000,"Observed",32.25,3.62556710627527
"2802","n24RG33xGR13","n24RG33xGR13","9/29/2015","24","24","44","RG33","GR13A","RGxGR","Echo","F","FALSE"," 0","RG33xGR13A",1000,"Observed",170.65,5.53719480565651
"2832","n25GR25xRG20B","n25GR25xRG20B","11/6/2015","25"," 5","42","GR25","RG20B","GRxRG","Echo","F","FALSE"," 0","GR25xRG20B",1000,"Observed",115.6,5.95067444209389
"2847","n25GRBxGR13","n25GRBxGR13","12/9/2014","25"," 3","42","GRmixB","GR13","GRxGR","Gos","F","FALSE"," 0","GRBxGR13",1000,"Observed",49.65,3.37599887752538
"2860","n25GRxRG20A","n25GRxRG20A","10/6/2015","25","25","42","GR","RG20A","GRxRG","Echo","M"," TRUE"," 3","GRxRG20A",1000,"Observed",212.55,7.0894658695694
"2872","n25RG20xGR13","n25RG20xGR13","9/25/2015","25"," 6","42","RG20","GR13","RGxGR","Echo","F","FALSE"," 0","RG20xGR13",1000,"Observed",101.65,5.44131369586813
"2885","n25RG33xGR13","n25RG33xGR13","9/29/2015","25","25","44","RG33","GR13A","RGxGR","Echo","M"," TRUE"," 0","RG33xGR13A",1000,"Observed",31.15,5.37317900609862
"2980","n26GR25xRG20B","n26GR25xRG20B","11/6/2015","26"," 6","42","GR25","RG20B","GRxRG","Echo","M","FALSE"," 0","GR25xRG20B",1000,"Observed",105.55,5.97780984360625
"3011","n26GRAxRG20","n26GRAxRG20","10/1/2015","26","26","43","GRA","RG20","GRxRG","Echo","F"," TRUE"," 5","GRAxRG20",1000,"Observed",223.25,8.98463600879447
"3022","n26GRBxGR13","n26GRBxGR13","12/9/2014","26"," 4","42","GRmixB","GR13","GRxGR","Gos","F","FALSE"," 0","GRBxGR13",1000,"Observed",27.3,2.02874085917453
"3034","n26GRxRG20A","n26GRxRG20A","10/6/2015","26","26","42","GR","RG20A","GRxRG","Echo","F"," TRUE"," 2","GRxRG20A",1000,"Observed",35.25,2.02289526747133
"3041","n26RG20xGR13","n26RG20xGR13","9/25/2015","26"," 7","42","RG20","GR13","RGxGR","Echo","M","FALSE"," 0","RG20xGR13",1000,"Observed",29.85,4.18361465469125
"3067","n26RG33xGR13","n26RG33xGR13","9/29/2015","26","26","44","RG33","GR13A","RGxGR","Echo","F","FALSE"," 0","RG33xGR13A",1000,"Observed",90.5,3.73461757360143
"3074","n27GR25xRG20B","n27GR25xRG20B","11/6/2015","27"," 7","42","GR25","RG20B","GRxRG","Echo","M","FALSE"," 0","GR25xRG20B",1000,"Observed",201.25,5.6556911253412
"3090","n27GRAxRG20","n27GRAxRG20","10/1/2015","27","27","43","GRA","RG20","GRxRG","Echo","M"," TRUE"," 5","GRAxRG20",1000,"Observed",155.45,5.88910680386834
"3105","n27GRBxGR13","n27GRBxGR13","12/9/2014","27"," 5","42","GRmixB","GR13","GRxGR","Gos","F","FALSE"," 0","GRBxGR13",1000,"Observed",100.3,6.01839286118636
"3121","n27GRxRG20A","n27GRxRG20A","10/6/2015","27","27","42","GR","RG20A","GRxRG","Echo","M","FALSE"," 0","GRxRG20A",1000,"Observed",132,6.64117934992684
"3145","n27RG33xGR13","n27RG33xGR13","9/29/2015","27","27","44","RG33","GR13A","RGxGR","Echo","M","FALSE"," 0","RG33xGR13A",1000,"Observed",77.15,7.50631313243094
"3173","n28GR25xRG20B","n28GR25xRG20B","11/6/2015","28"," 8","42","GR25","RG20B","GRxRG","Echo","F"," TRUE"," 1","GR25xRG20B",1000,"Observed",18.1,2.86356421265527
"3191","n28GRAxRG20","n28GRAxRG20","10/1/2015","28","28","43","GRA","RG20","GRxRG","Echo","M"," TRUE"," 3","GRAxRG20",1000,"Observed",195.45,6.32018487404485
"3204","n28GRxRG20A","n28GRxRG20A","10/6/2015","28","28","42","GR","RG20A","GRxRG","Echo","M","FALSE"," 0","GRxRG20A",1000,"Observed",236.1,8.34707638700679
"3231","n28RG33xGR13","n28RG33xGR13","9/29/2015","28","28","44","RG33","GR13A","RGxGR","Echo","F"," TRUE"," 6","RG33xGR13A",1000,"Observed",74.85,6.42589334358717
"3255","n29GR25xRG20B","n29GR25xRG20B","11/6/2015","29"," 9","42","GR25","RG20B","GRxRG","Echo","M","FALSE"," 0","GR25xRG20B",1000,"Observed",88.45,7.66039026077447
"3302","n29GRAxRG20","n29GRAxRG20","10/1/2015","29","29","43","GRA","RG20","GRxRG","Echo","M","FALSE"," 0","GRAxRG20",1000,"Observed",141.55,8.00969806908442
"3325","n29GRBxGR13","n29GRBxGR13","12/9/2014","29"," 7","42","GRmixB","GR13","GRxGR","Gos","F","FALSE"," 0","GRBxGR13",1000,"Observed",27.5,3.3166247903554
"3341","n29GRxRG20A","n29GRxRG20A","10/6/2015","29","29","42","GR","RG20A","GRxRG","Echo","F","FALSE"," 0","GRxRG20A",1000,"Observed",237.3,8.56615125761979
"3354","n29RG20xGR13","n29RG20xGR13","9/25/2015","29","10","42","RG20","GR13","RGxGR","Echo","F"," TRUE"," 2","RG20xGR13",1000,"Observed",42.9,3.80995924829705
"3368","n29RG33xGR13","n29RG33xGR13","9/29/2015","29","29","44","RG33","GR13A","RGxGR","Echo","M","FALSE"," 0","RG33xGR13A",1000,"Observed",198.25,10.3663169117961
"3395","n2GRAxGRA","n2GRAxGRA","4/2/2015"," 2"," 2","44","GRA","GRA","GRxGR","Gos","F","FALSE"," 0","GRAxGRA",1000,"Observed",43.9,5.44735570809602
"3436","n2GRAxRG20","n2GRAxRG20","9/29/2015"," 2"," 2","41","GRA","RG20","GRxRG","Echo","M"," TRUE","10","GRAxRG20",1000,"Observed",241.9,10.4523983649183
"3453","n2GRBxGR13","n2GRBxGR13","12/3/2014"," 2"," 2","43","GRmixB","GR13","GRxGR","Gos","M","FALSE"," 0","GRBxGR13",1000,"Observed",37.05,2.11448637535902
"3465","n2GRxGRnum2","n2GRxGRnum2","1/7/2015"," 2"," 2","43","GR","GR#2","GRxGR","Gos","F"," TRUE"," 2","GRxGRnum2",1000,"Observed",49.85,4.12023249216275
"3477","n2GRxRG20A","n2GRxRG20A","10/6/2015"," 2"," 2","42","GR","RG20A","GRxRG","Echo","M","FALSE"," 0","GRxRG20A",1000,"Observed",180.65,8.08035304075001
"3501","n2RG20xGR13","n2RG20xGR13","9/24/2015"," 2"," 2","41","RG20","GR13","RGxGR","Echo","M"," TRUE"," 2","RG20xGR13",1000,"Observed",75.05,3.99308613006347
"3518","n2RG27xGR27","n2RG27xGR27","12/10/2014"," 2"," 8","43","RG27","GR27","RGxGR","Gos","M","FALSE"," 0","RG27xGR27",1000,"Observed",51,5.73080319529103
"3539","n2RG33xGR13","n2RG33xGR13","10/1/2015"," 2"," 2","46","RG33","GR13A","RGxGR","Echo","M","FALSE"," 0","RG33xGR13A",1000,"Observed",51.3,3.92160010307286
"3559","n30GR25xRG20B","n30GR25xRG20B","11/6/2015","30","10","42","GR25","RG20B","GRxRG","Echo","M"," TRUE"," 1","GR25xRG20B",1000,"Observed",88.45,6.03040541536672
"3572","n30GRAxRG20","n30GRAxRG20","10/1/2015","30","30","43","GRA","RG20","GRxRG","Echo","F","FALSE"," 0","GRAxRG20",1000,"Observed",113.95,4.97863857949773
"3580","n30GRBxGR13","n30GRBxGR13","12/9/2014","30"," 8","42","GRmixB","GR13","GRxGR","Gos","F","FALSE"," 0","GRBxGR13",1000,"Observed",42.4,5.06172427455101
"3599","n30GRxRG20A","n30GRxRG20A","10/6/2015","30","30","42","GR","RG20A","GRxRG","Echo","M","FALSE"," 0","GRxRG20A",1000,"Observed",288.25,7.21019015735807
"3617","n30RG20xGR13","n30RG20xGR13","9/25/2015","30","11","42","RG20","GR13","RGxGR","Echo","F","FALSE"," 0","RG20xGR13",1000,"Observed",31.25,4.77796477262245
"3643","n30RG33xGR13","n30RG33xGR13","9/29/2015","30","30","44","RG33","GR13A","RGxGR","Echo","M"," TRUE"," 0","RG33xGR13A",1000,"Observed",79.15,5.0395801830165
"3673","n31GRAxRG20","n31GRAxRG20","10/1/2015","31","31","43","GRA","RG20","GRxRG","Echo","F"," TRUE"," 4","GRAxRG20",1000,"Observed",199.75,6.52021149156504
"3685","n31GRBxGR13","n31GRBxGR13","12/9/2014","31"," 9","42","GRmixB","GR13","GRxGR","Gos","F"," TRUE"," 1","GRBxGR13",1000,"Observed",92.35,5.96723509984667
"3703","n31GRxRG20A","n31GRxRG20A","10/6/2015","31","31","42","GR","RG20A","GRxRG","Echo","M"," TRUE"," 2","GRxRG20A",1000,"Observed",161.65,6.69858586804551
"3718","n31RG20xGR13","n31RG20xGR13","9/25/2015","31","12","42","RG20","GR13","RGxGR","Echo","M"," TRUE"," 1","RG20xGR13",1000,"Observed",26.45,3.20320563120594
"3738","n31RG33xGR13","n31RG33xGR13","9/29/2015","31","31","44","RG33","GR13A","RGxGR","Echo","M","FALSE"," 0","RG33xGR13A",1000,"Observed",183.65,6.45041818309806
"3760","n32GR25xRG20B","n32GR25xRG20B","11/6/2015","32","12","42","GR25","RG20B","GRxRG","Echo","M"," TRUE"," 3","GR25xRG20B",1000,"Observed",147.05,6.47647564977321
"3783","n32GRxRG20A","n32GRxRG20A","10/6/2015","32","32","42","GR","RG20A","GRxRG","Echo","M","FALSE"," 0","GRxRG20A",1000,"Observed",243.5,8.97657770915069
"3798","n32RG20xGR13","n32RG20xGR13","9/25/2015","32","13","42","RG20","GR13","RGxGR","Echo","F"," TRUE"," 2","RG20xGR13",1000,"Observed",19.65,2.18306882018965
"3823","n32RG33xGR13","n32RG33xGR13","9/29/2015","32","32","44","RG33","GR13A","RGxGR","Echo","F"," TRUE"," 1","RG33xGR13A",1000,"Observed",40.8,4.20025061908904
"3835","n33GR25xRG20B","n33GR25xRG20B","11/6/2015","33","13","42","GR25","RG20B","GRxRG","Echo","M"," TRUE"," 3","GR25xRG20B",1000,"Observed",129.55,7.60522673456949
"3857","n33GRAxRG20","n33GRAxRG20","10/1/2015","33","33","43","GRA","RG20","GRxRG","Echo","M","FALSE"," 0","GRAxRG20",1000,"Observed",65.25,5.72965508284932
"3875","n33GRxRG20A","n33GRxRG20A","10/6/2015","33","33","42","GR","RG20A","GRxRG","Echo","F"," TRUE"," 1","GRxRG20A",1000,"Observed",82.85,6.96816067250854
"3900","n33RG20xGR13","n33RG20xGR13","9/25/2015","33","14","42","RG20","GR13","RGxGR","Echo","F","FALSE"," 0","RG20xGR13",1000,"Observed",73.8,4.97995983919549
"3914","n33RG33xGR13","n33RG33xGR13","9/29/2015","33","33","44","RG33","GR13A","RGxGR","Echo","F","FALSE"," 0","RG33xGR13A",1000,"Observed",130.2,6.36272037153259
"3941","n34GR25xRG20B","n34GR25xRG20B","11/6/2015","34","14","42","GR25","RG20B","GRxRG","Echo","F","FALSE"," 0","GR25xRG20B",1000,"Observed",14.85,3.28112625079929
"3965","n34GRAxRG20","n34GRAxRG20","10/1/2015","34","34","43","GRA","RG20","GRxRG","Echo","F"," TRUE"," 4","GRAxRG20",1000,"Observed",90.45,4.35859707027991
"3972","n34GRxRG20A","n34GRxRG20A","10/6/2015","34","34","42","GR","RG20A","GRxRG","Echo","M"," TRUE"," 4","GRxRG20A",1000,"Observed",148.05,4.32221921556143
"3979","n34RG20xGR13","n34RG20xGR13","9/25/2015","34","15","42","RG20","GR13","RGxGR","Echo","F"," TRUE"," 3","RG20xGR13",1000,"Observed",32.85,3.15018796431678
"3993","n34RG33xGR13","n34RG33xGR13","9/29/2015","34","34","44","RG33","GR13A","RGxGR","Echo","M"," TRUE"," 2","RG33xGR13A",1000,"Observed",92.35,5.9318498046784
"4022","n35GR25xRG20B","n35GR25xRG20B","11/6/2015","35","15","42","GR25","RG20B","GRxRG","Echo","F"," TRUE"," 3","GR25xRG20B",1000,"Observed",35.9,4.62146023858716
"4050","n35GRxRG20A","n35GRxRG20A","10/6/2015","35","35","42","GR","RG20A","GRxRG","Echo","M","FALSE"," 0","GRxRG20A",1000,"Observed",86.3,7.55401601101936
"4131","n35RG33xGR13","n35RG33xGR13","9/29/2015","35","35","44","RG33","GR13A","RGxGR","Echo","M"," TRUE"," 2","RG33xGR13A",1000,"Observed",71.8,5.166694963137
"4168","n36GRxRG20A","n36GRxRG20A","10/6/2015","36","36","42","GR","RG20A","GRxRG","Echo","M"," TRUE"," 1","GRxRG20A",1000,"Observed",51.45,4.57078825402773
"4187","n36RG20xGR13","n36RG20xGR13","9/25/2015","36","17","42","RG20","GR13","RGxGR","Echo","F","FALSE"," 0","RG20xGR13",1000,"Observed",31.5,4.26120813113395
"4218","n36RG33xGR13","n36RG33xGR13","9/29/2015","36","36","44","RG33","GR13A","RGxGR","Echo","F","FALSE"," 0","RG33xGR13A",1000,"Observed",90,4.06525716154264
"4230","n37GR25xRG20B","n37GR25xRG20B","11/6/2015","37","17","42","GR25","RG20B","GRxRG","Echo",NA,"FALSE"," 0","GR25xRG20B",1000,"Observed",129.35,4.86961578512482
"4238","n37GRxRG20A","n37GRxRG20A","10/6/2015","37","37","42","GR","RG20A","GRxRG","Echo","F"," TRUE"," 1","GRxRG20A",1000,"Observed",217.05,9.02321567140183
"4251","n37RG20xGR13","n37RG20xGR13","9/25/2015","37","18","42","RG20","GR13","RGxGR","Echo","F","FALSE"," 0","RG20xGR13",1000,"Observed",33.85,3.03098038681598
"4267","n38GRxRG20A","n38GRxRG20A","10/6/2015","38","38","42","GR","RG20A","GRxRG","Echo","M","FALSE"," 0","GRxRG20A",1000,"Observed",86.25,6.85853291048534
"4285","n38RG20xGR13","n38RG20xGR13","9/25/2015","38","19","42","RG20","GR13","RGxGR","Echo","M"," TRUE"," 8","RG20xGR13",1000,"Observed",17.8,3.25414715159142
"4312","n39GRxRG20A","n39GRxRG20A","10/6/2015","39","39","42","GR","RG20A","GRxRG","Echo","M"," TRUE"," 3","GRxRG20A",1000,"Observed",156.75,6.14624403920587
"4324","n39RG20xGR13","n39RG20xGR13","9/25/2015","39","20","42","RG20","GR13","RGxGR","Echo","F"," TRUE"," 6","RG20xGR13",1000,"Observed",26.65,3.49849591742087
"4349","n3GR25xRG20B","n3GR25xRG20B","11/5/2015"," 3"," 3","42","GR25","RG20B","GRxRG","Echo","M","FALSE"," 0","GR25xRG20B",1000,"Observed",201.35,9.74017723820152
"4363","n3GRAxGR13","n3GRAxGR13","11/12/2014"," 3"," 3","43","GRmixA","GR13","GRxGR","Gos","M","FALSE"," 0","GRAxGR13",1000,"Observed",42.65,4.8370826353343
"4388","n3GRAxGRA","n3GRAxGRA","4/2/2015"," 3"," 3","44","GRA","GRA","GRxGR","Gos","F","FALSE"," 0","GRAxGRA",1000,"Observed",14.4,3.05045294307169
"4423","n3GRAxRG20","n3GRAxRG20","9/29/2015"," 3"," 3","41","GRA","RG20","GRxRG","Echo","F","FALSE"," 0","GRAxRG20",1000,"Observed",19.9,4.08978187553733
"4451","n3GRBxGR13","n3GRBxGR13","12/3/2014"," 3"," 3","43","GRmixB","GR13","GRxGR","Gos","F"," TRUE"," 1","GRBxGR13",1000,"Observed",44.15,5.17356641724876
"4478","n3GRxGRA","n3GRxGRA","12/10/2014"," 3"," 3","43","GR","GRmixA","GRxGR","Gos","F"," TRUE"," 2","GRxGRA",1000,"Observed",6.4,1.39170474787692
"4505","n3GRxGRnum2","n3GRxGRnum2","1/7/2015"," 3"," 3","43","GR","GR#2","GRxGR","Gos","F"," TRUE"," 1","GRxGRnum2",1000,"Observed",105.4,7.80957576851717
"4530","n3GRxRG20A","n3GRxRG20A","10/6/2015"," 3"," 3","42","GR","RG20A","GRxRG","Echo","F"," TRUE"," 1","GRxRG20A",1000,"Observed",193.05,8.99985379998212
"4544","n3RG20xGR13","n3RG20xGR13","9/24/2015"," 3"," 3","41","RG20","GR13","RGxGR","Echo","M"," TRUE"," 1","RG20xGR13",1000,"Observed",132.05,7.25095275046484
"4562","n3RG27xGR27","n3RG27xGR27","12/10/2014"," 3"," 9","43","RG27","GR27","RGxGR","Gos","F","FALSE"," 0","RG27xGR27",1000,"Observed",40.35,3.4070360633316
"4581","n40GRxRG20A","n40GRxRG20A","10/6/2015","40","40","42","GR","RG20A","GRxRG","Echo","M","FALSE"," 0","GRxRG20A",1000,"Observed",134.2,5.23751648659634
"4595","n40RG20xGR13","n40RG20xGR13","9/25/2015","40","21","42","RG20","GR13","RGxGR","Echo","M"," TRUE"," 1","RG20xGR13",1000,"Observed",42.55,3.64872003512695
"4607","n41GRxRG20A","n41GRxRG20A","10/6/2015","41","41","42","GR","RG20A","GRxRG","Echo","F"," TRUE"," 4","GRxRG20A",1000,"Observed",30.75,3.65448534788344
"4635","n41RG20xGR13","n41RG20xGR13","9/25/2015","41","22","42","RG20","GR13","RGxGR","Echo","M"," TRUE"," 5","RG20xGR13",1000,"Observed",32.55,3.79022287915687
"4673","n42GRxRG20A","n42GRxRG20A","10/6/2015","42","42","42","GR","RG20A","GRxRG","Echo","F","FALSE"," 0","GRxRG20A",1000,"Observed",182.15,5.41221814630174
"4685","n44GRxRG20A","n44GRxRG20A","10/6/2015","44","44","42","GR","RG20A","GRxRG","Echo","F"," TRUE"," 4","GRxRG20A",1000,"Observed",60.25,4.82182538049648
"4718","n45GRxRG20A","n45GRxRG20A","10/6/2015","45","45","42","GR","RG20A","GRxRG","Echo","F"," TRUE"," 7","GRxRG20A",1000,"Observed",112.25,5.73883355102026
"4730","n46GRxRG20A","n46GRxRG20A","10/6/2015","46","46","42","GR","RG20A","GRxRG","Echo","F"," TRUE"," 4","GRxRG20A",1000,"Observed",208.85,7.7342369405541
"4742","n47GRxRG20A","n47GRxRG20A","10/6/2015","47","47","42","GR","RG20A","GRxRG","Echo","M"," TRUE"," 9","GRxRG20A",1000,"Observed",125.35,7.37902432574931
"4768","n48GRxRG20A","n48GRxRG20A","10/6/2015","48","48","42","GR","RG20A","GRxRG","Echo","M","FALSE"," 0","GRxRG20A",1000,"Observed",37.5,4.29810239646827
"4796","n49GRxRG20A","n49GRxRG20A","10/6/2015","49","49","42","GR","RG20A","GRxRG","Echo","F"," TRUE"," 5","GRxRG20A",1000,"Observed",29.1,4.12820848106753
"4810","n4GR25xRG20B","n4GR25xRG20B","11/5/2015"," 4"," 4","42","GR25","RG20B","GRxRG","Echo","M","FALSE"," 0","GR25xRG20B",1000,"Observed",139.15,7.30014419468259
"4833","n4GRAxGR13","n4GRAxGR13","11/12/2014"," 4"," 4","43","GRmixA","GR13","GRxGR","Gos","M","FALSE"," 0","GRAxGR13",1000,"Observed",60.45,5.3555185507445
"4846","n4GRAxGRA","n4GRAxGRA","4/2/2015"," 4"," 4","44","GRA","GRA","GRxGR","Gos","M"," TRUE"," 2","GRAxGRA",1000,"Observed",139.9,5.85706950256651
"4861","n4GRAxRG20","n4GRAxRG20","9/29/2015"," 4"," 4","41","GRA","RG20","GRxRG","Echo","F"," TRUE"," 6","GRAxRG20",1000,"Observed",118.45,6.15992993808414
"4870","n4GRBxGR13","n4GRBxGR13","12/3/2014"," 4"," 4","43","GRmixB","GR13","GRxGR","Gos","F"," TRUE"," 3","GRBxGR13",1000,"Observed",70.65,3.77352271547562
"4879","n4GRxGRA","n4GRxGRA","12/10/2014"," 4"," 4","43","GR","GRmixA","GRxGR","Gos","M","FALSE"," 0","GRxGRA",1000,"Observed",47.1,4.39976075904612
"4896","n4RG20xGR13","n4RG20xGR13","9/24/2015"," 4"," 4","41","RG20","GR13","RGxGR","Echo","F","FALSE"," 0","RG20xGR13",1000,"Observed",5.35,1.0894228312566
"4968","n4RG27xGR27","n4RG27xGR27","12/10/2014"," 4","10","43","RG27","GR27","RGxGR","Gos","M","FALSE"," 0","RG27xGR27",1000,"Observed",34.25,4.1151197462912
"5005","n4RG33xGR13A","n4RG33xGR13","10/1/2015"," 4"," 4","46","RG33","GR13A","RGxGR","Echo","M"," TRUE"," 5","RG33xGR13A",1000,"Observed",63.65,2.88872581636009
"5021","n51GRxRG20A","n51GRxRG20A","10/6/2015","51","51","42","GR","RG20A","GRxRG","Echo","F","FALSE"," 0","GRxRG20A",1000,"Observed",56.9,6.05153308109432
"5038","n52GRxRG20A","n52GRxRG20A","10/6/2015","52","52","42","GR","RG20A","GRxRG","Echo","F","FALSE"," 0","GRxRG20A",1000,"Observed",29.6,3.97889167323872
"5069","n53GRxRG20A","n53GRxRG20A","10/6/2015","53","53","42","GR","RG20A","GRxRG","Echo","F"," TRUE"," 1","GRxRG20A",1000,"Observed",42.25,5.15930431866851
"5099","n5GR25xRG20B","n5GR25xRG20B","11/5/2015"," 5"," 5","42","GR25","RG20B","GRxRG","Echo","M"," TRUE"," 3","GR25xRG20B",1000,"Observed",128.4,8.38168429248844
"5126","n5GRAxGR13","n5GRAxGR13","11/12/2014"," 5"," 5","43","GRmixA","GR13","GRxGR","Gos","F","FALSE"," 0","GRAxGR13",1000,"Observed",48.55,4.33437909108827
"5138","n5GRAxGRA","n5GRAxGRA","4/2/2015"," 5"," 5","44","GRA","GRA","GRxGR","Gos","M"," TRUE"," 1","GRAxGRA",1000,"Observed",50.15,6.019923062981
"5151","n5GRAxRG20","n5GRAxRG20","9/29/2015"," 5"," 5","41","GRA","RG20","GRxRG","Echo","M","FALSE"," 0","GRAxRG20",1000,"Observed",166.55,7.43020152733707
"5178","n5GRBxGR13","n5GRBxGR13","12/3/2014"," 5"," 5","43","GRmixB","GR13","GRxGR","Gos","M","FALSE"," 0","GRBxGR13",1000,"Observed",35.9,4.99368021656004
"5200","n5GRxGRA","n5GRxGRA","12/10/2014"," 5"," 5","43","GR","GRmixA","GRxGR","Gos","M","FALSE"," 0","GRxGRA",1000,"Observed",20.1,3.09328644852551
"5214","n5GRxGRnum2","n5GRxGRnum2","1/7/2015"," 5"," 5","43","GR","GR#2","GRxGR","Gos","F"," TRUE"," 1","GRxGRnum2",1000,"Observed",59.95,5.75348864420078
"5247","n5GRxRG20A","n5GRxRG20A","10/6/2015"," 5"," 5","42","GR","RG20A","GRxRG","Echo","M"," TRUE"," 3","GRxRG20A",1000,"Observed",146.1,9.90959131347
"5271","n5RG20xGR13","n5RG20xGR13","9/24/2015"," 5"," 5","41","RG20","GR13","RGxGR","Echo","F","FALSE"," 0","RG20xGR13",1000,"Observed",35.15,4.73814309619285
"5299","n5RG27xGR27","n5RG27xGR27","12/10/2014"," 5","11","43","RG27","GR27","RGxGR","Gos","F","FALSE"," 0","RG27xGR27",1000,"Observed",38.85,2.43386199496321
"5341","n5RG33xGR13A","n5RG33xGR13","10/1/2015"," 5"," 5","46","RG33","GR13A","RGxGR","Echo","F"," TRUE"," 1","RG33xGR13A",1000,"Observed",154.7,6.00964137646201
"5358","n6GR25xRG20B","n6GR25xRG20B","11/5/2015"," 6"," 6","42","GR25","RG20B","GRxRG","Echo","F","FALSE"," 0","GR25xRG20B",1000,"Observed",198.1,7.62199034649777
"5375","n6GRAxGR13","n6GRAxGR13","11/12/2014"," 6"," 6","43","GRmixA","GR13","GRxGR","Gos","F","FALSE"," 0","GRAxGR13",1000,"Observed",26.15,3.6168465473902
"5409","n6GRAxRG20","n6GRAxRG20","9/29/2015"," 6"," 6","41","GRA","RG20","GRxRG","Echo","M"," TRUE"," 4","GRAxRG20",1000,"Observed",55.6,5.19513942875555
"5425","n6GRBxGR13","n6GRBxGR13","12/3/2014"," 6"," 6","43","GRmixB","GR13","GRxGR","Gos","M"," TRUE"," 3","GRBxGR13",1000,"Observed",93.6,6.11641449836336
"5439","n6GRxGRA","n6GRxGRA","12/10/2014"," 6"," 6","43","GR","GRmixA","GRxGR","Gos","M","FALSE"," 0","GRxGRA",1000,"Observed",21.35,2.18306882018965
"5458","n6GRxGRnum2","n6GRxGRnum2","1/7/2015"," 6"," 6","43","GR","GR#2","GRxGR","Gos","M","FALSE"," 0","GRxGRnum2",1000,"Observed",89.75,5.35944812555606
"5468","n6RG20xGR13","n6RG20xGR13","9/24/2015"," 6"," 6","41","RG20","GR13","RGxGR","Echo","F"," TRUE"," 1","RG20xGR13",1000,"Observed",30.3,2.8302873203598
"5492","n6RG27xGR27","n6RG27xGR27","12/10/2014"," 6","12","43","RG27","GR27","RGxGR","Gos","M","FALSE"," 0","RG27xGR27",1000,"Observed",88.2,4.78594433292895
"5507","n6RG33xGR13A","n6RG33xGR13","10/1/2015"," 6"," 6","46","RG33","GR13A","RGxGR","Echo","M","FALSE"," 0","RG33xGR13A",1000,"Observed",65.9,3.80995924829705
"5516","n7GR25xRG20B","n7GR25xRG20B","11/5/2015"," 7"," 7","42","GR25","RG20B","GRxRG","Echo","F","FALSE"," 0","GR25xRG20B",1000,"Observed",117.2,4.81882274332424
"5542","n7GRAxGRA","n7GRAxGRA","4/2/2015"," 7"," 7","44","GRA","GRA","GRxGR","Gos","F","FALSE"," 0","GRAxGRA",1000,"Observed",32.25,3.53739422382307
"5561","n7GRAxRG20","n7GRAxRG20","9/29/2015"," 7"," 7","41","GRA","RG20","GRxRG","Echo","F"," TRUE"," 2","GRAxRG20",1000,"Observed",155.3,8.02036880632516
"5578","n7GRBxGR13","n7GRBxGR13","12/3/2014"," 7"," 7","43","GRmixB","GR13","GRxGR","Gos","M"," TRUE"," 2","GRBxGR13",1000,"Observed",94.15,6.93788227965247
"5608","n7GRxGRA","n7GRxGRA","11/12/2014"," 7"," 7","43","GRmix","GRmixA","GRxGR","Gos","M","FALSE"," 0","GRxGRA",1000,"Observed",41.95,5.16542146851236
"5634","n7GRxGRnum2","n7GRxGRnum2","1/7/2015"," 7"," 7","43","GR","GR#2","GRxGR","Gos","M","FALSE"," 0","GRxGRnum2",1000,"Observed",9.4,1.93036674999174
"5660","n7GRxRG20A","n7GRxRG20A","10/6/2015"," 7"," 7","42","GR","RG20A","GRxRG","Echo","F"," TRUE"," 1","GRxRG20A",1000,"Observed",142.1,6.49615270756469
"5678","n7RG20xGR13","n7RG20xGR13","9/24/2015"," 7"," 7","41","RG20","GR13","RGxGR","Echo","M","FALSE"," 0","RG20xGR13",1000,"Observed",46.1,4.50613616726068
"5704","n7RG33xGR13A","n7RG33xGR13","10/1/2015"," 7"," 7","46","RG33","GR13A","RGxGR","Echo","M"," TRUE"," 7","RG33xGR13A",1000,"Observed",201.15,10.2046171180655
"5723","n8GR25xRG20B","n8GR25xRG20B","11/5/2015"," 8"," 8","42","GR25","RG20B","GRxRG","Echo","F","FALSE"," 0","GR25xRG20B",1000,"Observed",33.35,4.70470089658373
"5750","n8GRAxGR13","n8GRAxGR13","11/19/2014"," 8"," 2","43","GRmixA","GR13","GRxGR","Gos","F"," TRUE"," 1","GRAxGR13",1000,"Observed",55.45,5.63331257133099
"5778","n8GRAxGRA","n8GRAxGRA","4/2/2015"," 8"," 8","44","GRA","GRA","GRxGR","Gos","F","FALSE"," 0","GRAxGRA",1000,"Observed",28.1,5.28055021056668
"5808","n8GRAxRG20","n8GRAxRG20","9/29/2015"," 8"," 8","41","GRA","RG20","GRxRG","Echo","F"," TRUE"," 2","GRAxRG20",1000,"Observed",73.65,7.17653339565471
"5872","n8GRBxGR13","n8GRBxGR13","12/3/2014"," 8"," 8","43","GRmixB","GR13","GRxGR","Gos","F"," TRUE"," 1","GRBxGR13",1000,"Observed",33.8,3.86073349998349
"5904","n8GRxGRA","n8GRxGRA","11/12/2014"," 8"," 8","43","GRmix","GRmixA","GRxGR","Gos","M","FALSE"," 0","GRxGRA",1000,"Observed",32.1,4.01182462753611
"5925","n8GRxRG20A","n8GRxRG20A","10/6/2015"," 8"," 8","42","GR","RG20A","GRxRG","Echo","F"," TRUE"," 9","GRxRG20A",1000,"Observed",180.4,9.5828794705646
"5940","n8RG20xGR13","n8RG20xGR13","9/24/2015"," 8"," 8","41","RG20","GR13","RGxGR","Echo","M"," TRUE"," 9","RG20xGR13",1000,"Observed",36.5,4.09749602613725
"5969","n8RG27xGR27","n8RG27xGR27","12/10/2014"," 8","14","43","RG27","GR27","RGxGR","Gos","M","FALSE"," 0","RG27xGR27",1000,"Observed",64.65,4.42808025411036
"5997","n8RG33xGR13A","n8RG33xGR13","10/1/2015"," 8"," 8","46","RG33","GR13A","RGxGR","Echo","F"," TRUE","14","RG33xGR13A",1000,"Observed",132.9,4.66679197826741
"6007","n9GR25xRG20B","n9GR25xRG20B","11/5/2015"," 9"," 9","42","GR25","RG20B","GRxRG","Echo","M"," TRUE"," 8","GR25xRG20B",1000,"Observed",108.4,7.35133357039101
"6043","n9GRAxGRA","n9GRAxGRA","4/2/2015"," 9"," 9","44","GRA","GRA","GRxGR","Gos","M"," TRUE"," 3","GRAxGRA",1000,"Observed",143.05,5.96899885813535
"6054","n9GRAxRG20","n9GRAxRG20","9/29/2015"," 9"," 9","41","GRA","RG20","GRxRG","Echo","F"," TRUE"," 7","GRAxRG20",1000,"Observed",43,3.9202577788497
"6062","n9GRBxGR13","n9GRBxGR13","12/3/2014"," 9"," 9","43","GRmixB","GR13","GRxGR","Gos","F"," TRUE"," 3","GRBxGR13",1000,"Observed",69.95,5.61459564087444
"6088","n9GRxGRA","n9GRxGRA","11/12/2014"," 9"," 9","43","GRmix","GRmixA","GRxGR","Gos","M","FALSE"," 0","GRxGRA",1000,"Observed",28.15,3.45306881056928
"6102","n9GRxRG20A","n9GRxRG20A","10/6/2015"," 9"," 9","42","GR","RG20A","GRxRG","Echo","F"," TRUE"," 1","GRxRG20A",1000,"Observed",48.2,5.35674685253142
"6123","n9RG20xGR13","n9RG20xGR13","9/24/2015"," 9"," 9","41","RG20","GR13","RGxGR","Echo","M","FALSE"," 0","RG20xGR13",1000,"Observed",30,4.10391340834062
"6150","n9RG27xGR27","n9RG27xGR27","12/10/2014"," 9","15","43","RG27","GR27","RGxGR","Gos","F"," TRUE"," 1","RG27xGR27",1000,"Observed",39.9,3.82374850527319
"6171","n9RG33xGR13A","n9RG33xGR13","10/1/2015"," 9"," 9","46","RG33","GR13A","RGxGR","Echo","F"," TRUE"," 2","RG33xGR13A",1000,"Observed",88.1,4.03797760740383
"6184","nA10","nA10","5/13/2015","10","10","43","GG","RG12","GGxRG","Gos","F","FALSE"," 1","GGxRG12",1000,"Observed",27.35,4.17101527461272
"6206","nA11","nA11","5/13/2015","11","11","43","GG","RG12","GGxRG","Gos","M"," TRUE"," 0","GGxRG12",1000,"Observed",102.6,5.08247763864913
"6226","nA12","nA12","5/13/2015","12","12","43","GG","RG12","GGxRG","Gos","M","FALSE"," 2","GGxRG12",1000,"Observed",8.5,1.93309133391652
"6254","nA13","nA13","5/13/2015","13","13","43","GG","RG12","GGxRG","Gos","F","FALSE"," 0","GGxRG12",1000,"Observed",100.4,4.75062322781249
"6283","nA14","nA14","5/13/2015","14","14","43","GG","RG12","GGxRG","Gos","F","FALSE"," 0","GGxRG12",1000,"Observed",139.15,7.08798093142261
"6296","nA15","nA15","5/13/2015","15","15","43","GG","RG12","GGxRG","Gos","M"," TRUE"," 0","GGxRG12",1000,"Observed",20.35,3.13343598189457
"6327","nA16","nA16","5/13/2015","16","16","43","GG","RG12","GGxRG","Gos","M","FALSE"," 0","GGxRG12",1000,"Observed",82.45,4.5592589425545
"6341","nA17","nA17","5/13/2015","17","17","43","GG","RG12","GGxRG","Gos","M","FALSE"," 0","GGxRG12",1000,"Observed",157.1,7.69073263226935
"6353","nA18","nA18","5/13/2015","18","18","43","GG","RG12","GGxRG","Gos","M","FALSE"," 0","GGxRG12",1000,"Observed",22.15,3.55816333461373
"6373","nA19","nA19","5/13/2015","19","19","43","GG","RG12","GGxRG","Gos","F"," TRUE"," 1","GGxRG12",1000,"Observed",81.2,5.66243391967949
"6386","nA1","nA1","5/13/2015"," 1"," 1","43","GG","RG12","GGxRG","Gos","M"," TRUE"," 2","GGxRG12",1000,"Observed",195.45,9.29898126848199
"6404","nA20","nA20","5/13/2015","20","20","43","GG","RG12","GGxRG","Gos","M","FALSE"," 0","GGxRG12",1000,"Observed",29.4,3.10178217023358
"6417","nA21","nA21","5/13/2015","21","21","43","GG","RG12","GGxRG","Gos","F","FALSE"," 0","GGxRG12",1000,"Observed",50.75,3.44696662986
"6430","nA22","nA22","5/13/2015","22","22","43","GG","RG12","GGxRG","Gos","F","FALSE"," 1","GGxRG12",1000,"Observed",14.95,3.80408367830927
"6452","nA2","nA2","5/13/2015"," 2"," 2","43","GG","RG12","GGxRG","Gos","F"," TRUE"," 0","GGxRG12",1000,"Observed",79.35,7.25675728654262
"6471","nA3","nA3","5/13/2015"," 3"," 3","43","GG","RG12","GGxRG","Gos","M","FALSE"," 0","GGxRG12",1000,"Observed",159.05,7.53570448632795
"6487","nA4","nA4","5/13/2015"," 4"," 4","43","GG","RG12","GGxRG","Gos","F"," TRUE"," 0","GGxRG12",1000,"Observed",47.2,4.85147834224406
"6508","nA5","nA5","5/13/2015"," 5"," 5","43","GG","RG12","GGxRG","Gos","M","FALSE"," 0","GGxRG12",1000,"Observed",171.5,9.52282576372769
"6525","nA6","nA6","5/13/2015"," 6"," 6","43","GG","RG12","GGxRG","Gos","M","FALSE"," 1","GGxRG12",1000,"Observed",200.4,7.4012801168731
"6537","nA7","nA7","5/13/2015"," 7"," 7","43","GG","RG12","GGxRG","Gos","M"," TRUE"," 0","GGxRG12",1000,"Observed",106,7.49736795921005
"6556","nA8","nA8","5/13/2015"," 8"," 8","43","GG","RG12","GGxRG","Gos","M","FALSE"," 0","GGxRG12",1000,"Observed",54.3,5.12064962983984
"6572","nA9","nA9","5/13/2015"," 9"," 9","43","GG","RG12","GGxRG","Gos","F","FALSE"," 0","GGxRG12",1000,"Observed",94.5,6.90918534309676
"6587","nB10","nB10","4/22/2015","10","10","43","GG","RGA","GGxRG","Gos","F"," TRUE"," 0","GGxRGA",1000,"Observed",19.85,3.42244910769128
"6619","nB11","nB11","4/22/2015","11","11","43","GG","RGA","GGxRG","Gos","M"," TRUE"," 0","GGxRGA",1000,"Observed",34.3,4.86772398992643
"6651","nB12","nB12","4/22/2015","12","12","43","GG","RGA","GGxRG","Gos","M","FALSE"," 0","GGxRGA",1000,"Observed",25.4,3.51537974290717
"6670","nB13","nB13","4/22/2015","13","13","43","GG","RGA","GGxRG","Gos","M","FALSE"," 1","GGxRGA",1000,"Observed",8.3,2.05452004896008
"6708","nB14","nB14","4/22/2015","14","14","43","GG","RGA","GGxRG","Gos",NA,"FALSE"," 0","GGxRGA",1000,"Observed",33.05,4.92549757037697
"6730","nB1","nB1","4/22/2015"," 1"," 1","43","GG","RGA","GGxRG","Gos","F","FALSE"," 0","GGxRGA",1000,"Observed",63.1,7.25403698857257
"6756","nB2","nB2","4/22/2015"," 2"," 2","43","GG","RGA","GGxRG","Gos","F","FALSE"," 2","GGxRGA",1000,"Observed",16.45,2.62528193974626
"6776","nB3","nB3","4/22/2015"," 3"," 3","43","GG","RGA","GGxRG","Gos","M","FALSE"," 0","GGxRGA",1000,"Observed",60.8,4.58372406627946
"6795","nB4","nB4","4/22/2015"," 4"," 4","43","GG","RGA","GGxRG","Gos",NA,"FALSE"," 0","GGxRGA",1000,"Observed",61.2,4.97995983919549
"6808","nB5","nB5","4/22/2015"," 5"," 5","43","GG","RGA","GGxRG","Gos","F"," TRUE"," 2","GGxRGA",1000,"Observed",14.6,1.84676103375328
"6836","nB6","nB6","4/22/2015"," 6"," 6","43","GG","RGA","GGxRG","Gos","M","FALSE"," 2","GGxRGA",1000,"Observed",98.1,5.84807660688538
"6850","nB7","nB7","4/22/2015"," 7"," 7","43","GG","RGA","GGxRG","Gos","F"," TRUE"," 0","GGxRGA",1000,"Observed",20.6,3.87162416618795
"6880","nB8","nB8","4/22/2015"," 8"," 8","43","GG","RGA","GGxRG","Gos","F","FALSE"," 0","GGxRGA",1000,"Observed",48.75,6.35672043878304
"6897","nB9","nB9","4/22/2015"," 9"," 9","43","GG","RGA","GGxRG","Gos","M","FALSE"," 0","GGxRGA",1000,"Observed",163.85,9.37114833158838
"6917","nC10","nC10","5/1/2015","10","10","45","GGA","RGA","GGxRG","Gos","F","FALSE"," 0","GGAxRGA",1000,"Observed",21.7,4.54335836833921
"6935","nC11","nC11","5/1/2015","11","11","45","GGA","RGA","GGxRG","Gos","F","FALSE"," 0","GGAxRGA",1000,"Observed",13.35,3.6458339598997
"6968","nC12","nC12","5/1/2015","12","12","45","GGA","RGA","GGxRG","Gos","M"," TRUE"," 3","GGAxRGA",1000,"Observed",22.2,3.81961695516848
"6991","nC13","nC13","5/1/2015","13","13","45","GGA","RGA","GGxRG","Gos","M","FALSE"," 0","GGAxRGA",1000,"Observed",96.4,8.24238085174806
"7007","nC14","nC14","5/1/2015","14","14","45","GGA","RGA","GGxRG","Gos","M","FALSE"," 0","GGAxRGA",1000,"Observed",152.4,7.05168886079595
"7022","nC15","nC15","5/1/2015","15","15","45","GGA","RGA","GGxRG","Gos","F","FALSE"," 0","GGAxRGA",1000,"Observed",26.45,2.45967477524977
"7034","nC16","nC16","5/1/2015","16","16","45","GGA","RGA","GGxRG","Gos","F"," TRUE"," 1","GGAxRGA",1000,"Observed",26.85,3.26504614298014
"7056","nC17","nC17","5/1/2015","17","17","45","GGA","RGA","GGxRG","Gos","F","FALSE"," 1","GGAxRGA",1000,"Observed",15.65,2.62126927872337
"7079","nC18","nC18","5/1/2015","18","18","45","GGA","RGA","GGxRG","Gos","F","FALSE"," 0","GGAxRGA",1000,"Observed",48.8,5.35674685253142
"7099","nC19","nC19","5/1/2015","19","19","45","GGA","RGA","GGxRG","Gos","M","FALSE"," 0","GGAxRGA",1000,"Observed",36.4,3.85800602984441
"7122","nC1","nC1","5/1/2015"," 1"," 1","45","GGA","RGA","GGxRG","Gos","M","FALSE"," 0","GGAxRGA",1000,"Observed",24.2,3.36545922415852
"7151","nC20","nC20","5/1/2015","20","20","45","GGA","RGA","GGxRG","Gos","F","FALSE"," 0","GGAxRGA",1000,"Observed",20.9,3.5228576916744
"7183","nC2","nC2","5/1/2015"," 2"," 2","45","GGA","RGA","GGxRG","Gos","F","FALSE"," 2","GGAxRGA",1000,"Observed",20.85,4.45178852290083
"7199","nC3","nC3","5/1/2015"," 3"," 3","45","GGA","RGA","GGxRG","Gos","F","FALSE"," 0","GGAxRGA",1000,"Observed",81.95,6.45204985786851
"7221","nC4","nC4","5/1/2015"," 4"," 4","45","GGA","RGA","GGxRG","Gos","M"," TRUE"," 0","GGAxRGA",1000,"Observed",156.55,6.77825470472343
"7231","nC5","nC5","5/1/2015"," 5"," 5","45","GGA","RGA","GGxRG","Gos","F","FALSE"," 2","GGAxRGA",1000,"Observed",135.45,7.68782359182021
"7249","nC6","nC6","5/1/2015"," 6"," 6","45","GGA","RGA","GGxRG","Gos","F","FALSE"," 0","GGAxRGA",1000,"Observed",88.3,5.22242129768619
"7261","nC7","nC7","5/1/2015"," 7"," 7","45","GGA","RGA","GGxRG","Gos","F","FALSE"," 0","GGAxRGA",1000,"Observed",60.55,4.26089933674744
"7283","nC8","nC8","5/1/2015"," 8"," 8","45","GGA","RGA","GGxRG","Gos","F"," TRUE"," 0","GGAxRGA",1000,"Observed",38.55,4.38268122692515
"7301","nC9","nC9","5/1/2015"," 9"," 9","45","GGA","RGA","GGxRG","Gos","F"," TRUE"," 0","GGAxRGA",1000,"Observed",18.45,2.87411313552363
"7328","nD10","nD10","1/14/2015","10","10","43","GGB","RG32","GGxRG","Gos","M","FALSE"," 0","GGBxRG32",1000,"Observed",38.15,2.20704613263496
"7335","nD11","nD11","1/14/2015","11","11","43","GGB","RG32","GGxRG","Gos","M","FALSE"," 1","GGBxRG32",1000,"Observed",31.3,4.4967824754572
"7363","nD12","nD12","1/14/2015","12","12","43","GGB","RG32","GGxRG","Gos","M","FALSE"," 0","GGBxRG32",1000,"Observed",42.75,4.94043467084042
"7382","nD13","nD13","1/14/2015","13","13","43","GGB","RG32","GGxRG","Gos","M","FALSE"," 0","GGBxRG32",1000,"Observed",62.85,4.28307562880989
"7403","nD14","nD14","1/14/2015","14","14","43","GGB","RG32","GGxRG","Gos","F"," TRUE"," 1","GGBxRG32",1000,"Observed",35,3.76968517462526
"7425","nD15","nD15","1/14/2015","15","15","43","GGB","RG32","GGxRG","Gos","M","FALSE"," 0","GGBxRG32",1000,"Observed",13.75,2.38139720155604
"7467","nD1","nD1","1/14/2015"," 1"," 1","43","GGB","RG32","GGxRG","Gos","F"," TRUE"," 3","GGBxRG32",1000,"Observed",35.55,3.4101242453056
"7496","nD2","nD2","1/14/2015"," 2"," 2","43","GGB","RG32","GGxRG","Gos","M","FALSE"," 0","GGBxRG32",1000,"Observed",75.75,5.46640457223653
"7509","nD3","nD3","1/14/2015"," 3"," 3","43","GGB","RG32","GGxRG","Gos","F"," TRUE"," 0","GGBxRG32",1000,"Observed",17.75,3.35410196624968
"7531","nD4","nD4","1/14/2015"," 4"," 4","43","GGB","RG32","GGxRG","Gos","F","FALSE"," 0","GGBxRG32",1000,"Observed",23.25,2.65320064906718
"7553","nD5","nD5","1/14/2015"," 5"," 5","43","GGB","RG32","GGxRG","Gos","M","FALSE"," 0","GGBxRG32",1000,"Observed",19.1,3.322966334942
"7568","nD6","nD6","1/14/2015"," 6"," 6","43","GGB","RG32","GGxRG","Gos","M"," TRUE"," 0","GGBxRG32",1000,"Observed",30.65,3.6458339598997
"7586","nD7","nD7","1/14/2015"," 7"," 7","43","GGB","RG32","GGxRG","Gos","M","FALSE"," 0","GGBxRG32",1000,"Observed",37.55,4.09717489317495
"7598","nD8","nD8","1/14/2015"," 8"," 8","43","GGB","RG32","GGxRG","Gos","M","FALSE"," 1","GGBxRG32",1000,"Observed",68.7,4.43787526211646
"7611","nD9","nD9","1/14/2015"," 9"," 9","43","GGB","RG32","GGxRG","Gos","M","FALSE"," 0","GGBxRG32",1000,"Observed",44.25,4.5868806049657
"7624","nE1","nE1","1/27/2015"," 1"," 1","42","GG","RG33","GGxRG","Gos","M","FALSE"," 0","GGxRG33",1000,"Observed",195.95,9.500554000467
"7638","nE2","nE2","1/27/2015"," 2"," 2","42","GG","RG33","GGxRG","Gos","M"," TRUE"," 2","GGxRG33",1000,"Observed",117.05,8.17875939633621
"7657","nE3","nE3","1/27/2015"," 3"," 3","42","GG","RG33","GGxRG","Gos","F","FALSE"," 0","GGxRG33",1000,"Observed",93.3,8.52920678733097
"7681","nE4","nE4","1/27/2015"," 4"," 4","42","GG","RG33","GGxRG","Gos","M","FALSE"," 0","GGxRG33",1000,"Observed",128,7.24750410758584
"7697","nE5","nE5","1/27/2015"," 5"," 5","42","GG","RG33","GGxRG","Gos","F"," TRUE"," 2","GGxRG33",1000,"Observed",7.8,1.93581208309397
"7718","nE6","nE6","1/27/2015"," 6"," 6","42","GG","RG33","GGxRG","Gos","F","FALSE"," 0","GGxRG33",1000,"Observed",51.05,5.1857598539807
"7739","nE7","nE7","1/27/2015"," 7"," 7","42","GG","RG33","GGxRG","Gos","M","FALSE"," 0","GGxRG33",1000,"Observed",12.85,2.51887610693842
"7758","nE8","nE8","1/27/2015"," 8"," 8","42","GG","RG33","GGxRG","Gos","F","FALSE"," 0","GGxRG33",1000,"Observed",84.65,4.91265819351558
"7795","nF12","nF12","1/28/2015","12","12","43","GG","RG32","GGxRG","Gos","F"," TRUE"," 0","GGxRG32",1000,"Observed",130,7.61577310586391
"7811","nF1","nF1","1/28/2015"," 1"," 1","43","GG","RG32","GGxRG","Gos","M","FALSE"," 0","GGxRG32",1000,"Observed",124.35,4.81527175819425
"7822","nF2","nF2","1/28/2015"," 2"," 2","43","GG","RG32","GGxRG","Gos","F","FALSE"," 0","GGxRG32",1000,"Observed",34.45,4.94682247827623
"7845","nF3","nF3","1/28/2015"," 3"," 3","43","GG","RG32","GGxRG","Gos","F"," TRUE"," 0","GGxRG32",1000,"Observed",50.4,3.3150375087185
"7857","nF5","nF5","1/28/2015"," 5"," 5","43","GG","RG32","GGxRG","Gos","F","FALSE"," 0","GGxRG32",1000,"Observed",29.65,4.81527175819425
"7902","nF6","nF6","1/28/2015"," 6"," 6","43","GG","RG32","GGxRG","Gos","M","FALSE"," 1","GGxRG32",1000,"Observed",97.35,7.7342369405541
"7923","nF7","nF7","1/28/2015"," 7"," 7","43","GG","RG32","GGxRG","Gos","F"," TRUE"," 0","GGxRG32",1000,"Observed",62.45,3.57586941949271
"7938","nF8","nF8","1/28/2015"," 8"," 8","43","GG","RG32","GGxRG","Gos","M","FALSE"," 0","GGxRG32",1000,"Observed",77.65,6.13252759772364
"7957","nG10","nG10","11/20/2014","10","10","44","GG26","GRmixB","GGxGR","Gos","M","FALSE"," 1","GG26xGRB",1000,"Observed",40.1,3.29113642187139
"7964","nG11","nG11","11/20/2014","11","11","44","GG26","GRmixB","GGxGR","Gos","F","FALSE"," 1","GG26xGRB",1000,"Observed",65.4,4.10904009792017
"7983","nG12","nG12","11/20/2014","12","12","44","GG26","GRmixB","GGxGR","Gos","M"," TRUE"," 0","GG26xGRB",1000,"Observed",13.85,2.85205373832889
"8070","nG13","nG13","11/20/2014","13","13","44","GG26","GRmixB","GGxGR","Gos","F","FALSE"," 0","GG26xGRB",1000,"Observed",20.9,2.69307103117377
"8101","nG18","nG18","11/19/2014","18","15","43","GG26","GRmixB","GGxGR","Gos","M","FALSE"," 0","GG26xGRB",1000,"Observed",58.15,4.8370826353343
"8122","nG1","nG1","11/20/2014"," 1"," 1","44","GG26","GRmixB","GGxGR","Gos","F","FALSE"," 0","GG26xGRB",1000,"Observed",23.3,3.13049516849971
"8142","nG2","nG2","11/20/2014"," 2"," 2","44","GG26","GRmixB","GGxGR","Gos","F"," TRUE"," 0","GG26xGRB",1000,"Observed",70.45,5.24630195571379
"8160","nG3","nG3","11/20/2014"," 3"," 3","44","GG26","GRmixB","GGxGR","Gos","F"," TRUE"," 2","GG26xGRB",1000,"Observed",42.6,5.35478143443094
"8177","nG4","nG4","11/20/2014"," 4"," 4","44","GG26","GRmixB","GGxGR","Gos","F","FALSE"," 0","GG26xGRB",1000,"Observed",14.95,2.16369566884265
"8211","nG5","nG5","11/20/2014"," 5"," 5","44","GG26","GRmixB","GGxGR","Gos","F","FALSE"," 1","GG26xGRB",1000,"Observed",16.2,2.30788123383195
"8236","nG6","nG6","11/20/2014"," 6"," 6","44","GG26","GRmixB","GGxGR","Gos","M","FALSE"," 0","GG26xGRB",1000,"Observed",41.15,3.09966042282733
"8246","nG7","nG7","11/20/2014"," 7"," 7","44","GG26","GRmixB","GGxGR","Gos","F"," TRUE"," 1","GG26xGRB",1000,"Observed",30.55,2.94645192517516
"8267","nG8","nG8","11/20/2014"," 8"," 8","44","GG26","GRmixB","GGxGR","Gos","F","FALSE"," 0","GG26xGRB",1000,"Observed",8.2,1.73508683234859
"8287","nG9","nG9","11/20/2014"," 9"," 9","44","GG26","GRmixB","GGxGR","Gos","M","FALSE"," 0","GG26xGRB",1000,"Observed",15.15,1.63111198750713
"8296","nH10","nH10","4/16/2015","10","10","44","RR","GR8","RRxGR","Gos","M"," TRUE"," 0","RRxGR8",1000,"Observed",14.5,2.4387227027796
"8324","nH11","nH11","4/16/2015","11","11","44","RR","GR8","RRxGR","Gos","M","FALSE"," 0","RRxGR8",1000,"Observed",37.35,3.6168465473902
"8337","nH12","nH12","4/16/2015","12","12","44","RR","GR8","RRxGR","Gos","F","FALSE"," 0","RRxGR8",1000,"Observed",13.05,3.153527682153
"8365","nH15","nH15","4/16/2015","15","15","44","RR","GR8","RRxGR","Gos","F","FALSE"," 0","RRxGR8",1000,"Observed",22.9,3.24280580264749
"8383","nH1","nH1","4/16/2015"," 1"," 1","44","RR","GR8","RRxGR","Gos","M","FALSE"," 0","RRxGR8",1000,"Observed",11.15,1.34848843251679
"8398","nH2","nH2","4/16/2015"," 2"," 2","44","RR","GR8","RRxGR","Gos","M","FALSE"," 0","RRxGR8",1000,"Observed",38.65,5.18372960633355
"8431","nH3","nH3","4/16/2015"," 3"," 3","44","RR","GR8","RRxGR","Gos","F","FALSE"," 2","RRxGR8",1000,"Observed",20.25,2.04874801306862
"8439","nH4","nH4","4/16/2015"," 4"," 4","44","RR","GR8","RRxGR","Gos","M","FALSE"," 1","RRxGR8",1000,"Observed",31.2,3.90141674671893
"8476","nH5","nH5","4/16/2015"," 5"," 5","44","RR","GR8","RRxGR","Gos","F","FALSE"," 0","RRxGR8",1000,"Observed",44.65,4.13298668608652
"8492","nH6","nH6","4/16/2015"," 6"," 6","44","RR","GR8","RRxGR","Gos","M"," TRUE"," 0","RRxGR8",1000,"Observed",20.1,1.80350535872433
"8499","nH7","nH7","4/16/2015"," 7"," 7","44","RR","GR8","RRxGR","Gos","F","FALSE"," 1","RRxGR8",1000,"Observed",15.1,3.07622461708128
"8537","nH8","nH8","4/16/2015"," 8"," 8","44","RR","GR8","RRxGR","Gos","M","FALSE"," 0","RRxGR8",1000,"Observed",34.8,3.12207758088306
"8553","nH9","nH9","4/16/2015"," 9"," 9","44","RR","GR8","RRxGR","Gos","F"," TRUE"," 0","RRxGR8",1000,"Observed",13.65,3.09966042282733
"8575","nI10","nI10","5/13/2015","10","24","43","RGA","RRB","RGxRR","Gos","M","FALSE"," 0","RGAxRRB",1000,"Observed",138.75,10.7158269568158
"8595","nI11","nI11","5/13/2015","11","25","43","RGA","RRB","RGxRR","Gos","M","FALSE"," 0","RGAxRRB",1000,"Observed",121.7,7.96108958424794
"8616","nI13","nI13","5/13/2015","13","27","43","RGA","RRB","RGxRR","Gos","M","FALSE"," 0","RGAxRRB",1000,"Observed",26.9,3.05906762541172
"8631","nI14","nI14","5/13/2015","14","28","43","RGA","RRB","RGxRR","Gos","M"," TRUE"," 0","RGAxRRB",1000,"Observed",36.2,3.59238961666113
"8649","nI1","nI1","5/28/2015"," 1"," 1","44","RGA","RRB","RGxRR","Gos","M","FALSE"," 0","RGAxRRB",1000,"Observed",203.8,7.79068269422554
"8665","nI2","nI2","5/28/2015"," 2"," 2","44","RGA","RRB","RGxRR","Gos","F","FALSE"," 0","RGAxRRB",1000,"Observed",59.25,3.49247310956758
"8689","nI3","nI3","5/28/2015"," 3"," 3","44","RGA","RRB","RGxRR","Gos","M","FALSE"," 1","RGAxRRB",1000,"Observed",214.25,8.05817662541073
"8703","nI4","nI4","5/28/2015"," 4"," 4","44","RGA","RRB","RGxRR","Gos","F"," TRUE"," 0","RGAxRRB",1000,"Observed",76.6,6.12501342640848
"8725","nI5","nI5","5/28/2015"," 5"," 5","44","RGA","RRB","RGxRR","Gos","M","FALSE"," 0","RGAxRRB",1000,"Observed",22,3.2767120876365
"8748","nI6","nI6","5/28/2015"," 6"," 6","44","RGA","RRB","RGxRR","Gos","F","FALSE"," 0","RGAxRRB",1000,"Observed",68.05,6.07388716253092
"8771","nI7","nI7","5/28/2015"," 7"," 7","44","RGA","RRB","RGxRR","Gos","F","FALSE"," 0","RGAxRRB",1000,"Observed",55.25,5.42775518200568
"8802","nI9","nI9","5/13/2015"," 9","23","43","RGA","RRB","RGxRR","Gos","M","FALSE"," 1","RGAxRRB",1000,"Observed",103.25,6.96513875631612
"8820","nJ10","nJ10","4/27/2015","10","10","39","RGA","RRA","RGxRR","Gos","M","FALSE"," 0","RGAxRRA",1000,"Observed",80.65,7.40749975575963
"8832","nJ11","nJ11","4/27/2015","11","11","39","RGA","RRA","RGxRR","Gos","F","FALSE"," 0","RGAxRRA",1000,"Observed",72.7,5.78655428785696
"8849","nJ13","nJ13","4/27/2015","13","13","39","RGA","RRA","RGxRR","Gos","M"," TRUE"," 0","RGAxRRA",1000,"Observed",53.55,4.99973683517969
"8881","nJ14","nJ14","4/27/2015","14","14","39","RGA","RRA","RGxRR","Gos","F","FALSE"," 0","RGAxRRA",1000,"Observed",58.4,3.16892809371843
"8892","nJ1","nJ1","4/27/2015"," 1"," 1","39","RGA","RRA","RGxRR","Gos","M","FALSE"," 0","RGAxRRA",1000,"Observed",73.7,7.52609495443407
"8906","nJ2","nJ2","4/27/2015"," 2"," 2","39","RGA","RRA","RGxRR","Gos","F","FALSE"," 0","RGAxRRA",1000,"Observed",86.25,5.82982350549853
"8920","nJ3","nJ3","4/27/2015"," 3"," 3","39","RGA","RRA","RGxRR","Gos","F","FALSE"," 0","RGAxRRA",1000,"Observed",130.7,7.71260076279823
"8940","nJ4","nJ4","4/27/2015"," 4"," 4","39","RGA","RRA","RGxRR","Gos","F"," TRUE"," 0","RGAxRRA",1000,"Observed",61.15,5.86941223633167
"9024","nJ6","nJ6","4/27/2015"," 6"," 6","39","RGA","RRA","RGxRR","Gos","F","FALSE"," 0","RGAxRRA",1000,"Observed",23.9,2.82656570491657
"9043","nJ7","nJ7","4/27/2015"," 7"," 7","39","RGA","RRA","RGxRR","Gos","M"," TRUE"," 1","RGAxRRA",1000,"Observed",47.75,5.32990569680572
"9061","nJ8","nJ8","4/27/2015"," 8"," 8","39","RGA","RRA","RGxRR","Gos","F","FALSE"," 0","RGAxRRA",1000,"Observed",23.05,4.07140218959926
"9093","nK12","nK12","4/27/2015","12","26","41","RGA","RRA","RGxRR","Gos","F","FALSE"," 0","RGxRR",1000,"Observed",30.4,2.43656358531091
"9103","nK13","nK13","4/27/2015","13","27","41","RGA","RRA","RGxRR","Gos","F","FALSE"," 0","RGxRR",1000,"Observed",13.6,2.52148661246537
"9130","nK15","nK15","4/27/2015","15","29","41","RGA","RRA","RGxRR","Gos","M","FALSE"," 0","RGxRR",1000,"Observed",50.2,4.07301776134238
"9154","nK16","nK16","4/27/2015","16","30","41","RGA","RRA","RGxRR","Gos","M","FALSE"," 0","RGxRR",1000,"Observed",10.55,2.37254027751291
"9186","nK17","nK17","4/27/2015","17","31","41","RGA","RRA","RGxRR","Gos","F","FALSE"," 2","RGxRR",1000,"Observed",22.3,3.38883616103166
"9233","nK18","nK18","4/27/2015","18","32","41","RGA","RRA","RGxRR","Gos","M","FALSE"," 0","RGxRR",1000,"Observed",119.9,6.90461325568104
"9245","nK19","nK19","4/27/2015","19","33","41","RGA","RRA","RGxRR","Gos","F","FALSE"," 0","RGxRR",1000,"Observed",12.25,2.14905119823414
"9304","nK20","nK20","4/27/2015","20","34","41","RGA","RRA","RGxRR","Gos","M","FALSE"," 0","RGxRR",1000,"Observed",17.7,2.43007472269779
"9322","nK21","nK21","4/27/2015","21","35","41","RGA","RRA","RGxRR","Gos","F","FALSE"," 0","RGxRR",1000,"Observed",8.4,1.90290636437502
"9361","nK22","nK22","4/27/2015","22","36","41","RGA","RRA","RGxRR","Gos","F","FALSE"," 0","RGxRR",1000,"Observed",70.1,5.66522169399444
"9380","nK2","nK2","4/27/2015"," 2","16","41","RGA","RRA","RGxRR","Gos","F","FALSE"," 0","RGxRR",1000,"Observed",16.6,2.5833474815685
"9407","nK4","nK4","4/27/2015"," 4","18","41","RGA","RRA","RGxRR","Gos","M","FALSE"," 0","RGxRR",1000,"Observed",64.3,2.05452004896008
"9414","nK5","nK5","4/27/2015"," 5","19","41","RGA","RRA","RGxRR","Gos","F","FALSE"," 0","RGxRR",1000,"Observed",9.6,2.23371298160944
"9434","nK6","nK6","4/27/2015"," 6","20","41","RGA","RRA","RGxRR","Gos","M","FALSE"," 0","RGxRR",1000,"Observed",20.2,3.17224808215512
"9453","nK7","nK7","4/27/2015"," 7","21","41","RGA","RRA","RGxRR","Gos","F","FALSE"," 0","RGxRR",1000,"Observed",26.55,2.72367785404801
"9464","nK9","nK9","4/27/2015"," 9","23","41","RGA","RRA","RGxRR","Gos","M"," TRUE"," 0","RGxRR",1000,"Observed",108.65,5.35355268170488
"9487","nL13","nL13","11/23/2015","13","13","46","RG11","RR42A","RGxRR","Echo","M","FALSE"," 1","RG11xRR42A",1000,"Observed",222.55,4.82837010747279
"9500","nL15","nL15","11/23/2015","15","15","46","RG11","RR42A","RGxRR","Echo","F","FALSE"," 3","RG11xRR42A",1000,"Observed",9.55,2.94645192517516
"9539","nL1","nL1","11/23/2015"," 1"," 1","46","RG11","RR42A","RGxRR","Echo","M"," TRUE"," 3","RG11xRR42A",1000,"Observed",194.2,5.24755582202449
"9551","nL2","nL2","11/23/2015"," 2"," 2","46","RG11","RR42A","RGxRR","Echo","F","FALSE"," 0","RG11xRR42A",1000,"Observed",65.65,4.91265819351558
"9565","nL4","nL4","11/23/2015"," 4"," 4","46","RG11","RR42A","RGxRR","Echo","M","FALSE"," 1","RG11xRR42A",1000,"Observed",199.2,7.12002365460293
"9582","nL6","nL6","11/23/2015"," 6"," 6","46","RG11","RR42A","RGxRR","Echo","M","FALSE"," 0","RG11xRR42A",1000,"Observed",88.15,5.34371248832633
"9593","nL7","nL7","11/23/2015"," 7"," 7","46","RG11","RR42A","RGxRR","Echo","M"," TRUE"," 0","RG11xRR42A",1000,"Observed",107.35,7.08798093142261
"9615","nL8","nL8","11/23/2015"," 8"," 8","46","RG11","RR42A","RGxRR","Echo","F","FALSE"," 1","RG11xRR42A",1000,"Observed",163.9,5.29050788528006
"9624","nL9","nL9","11/23/2015"," 9"," 9","46","RG11","RR42A","RGxRR","Echo","F","FALSE"," 0","RG11xRR42A",1000,"Observed",200.65,6.14966836932135
"9637","nM10","nM10","4/28/2015","10","10","42","GR","RRA","GRxRR","Gos","F","FALSE"," 0","GRxRRA",1000,"Observed",12.85,3.03098038681598
"9689","nM11","nM11","5/28/2015","11","11","44","GR","RRA","GRxRR","Gos","F","FALSE"," 0","GRxRRA",1000,"Observed",32.1,2.02354561157026
"9701","nM12","nM12","5/28/2015","12","12","44","GR","RRA","GRxRR","Gos","F","FALSE"," 0","GRxRRA",1000,"Observed",114.65,4.95532674582562
"9710","nM13","nM13","5/28/2015","13","13","44","GR","RRA","GRxRR","Gos","F","FALSE"," 0","GRxRRA",1000,"Observed",80.55,3.57586941949271
"9723","nM14","nM14","5/28/2015","14","14","44","GR","RRA","GRxRR","Gos","M","FALSE"," 0","GRxRRA",1000,"Observed",55.45,4.98919885985294
"9761","nM15","nM15","5/28/2015","15","15","44","GR","RRA","GRxRR","Gos","M","FALSE"," 0","GRxRRA",1000,"Observed",27.3,3.14726280407193
"9812","nM16","nM16","5/28/2015","16","16","44","GR","RRA","GRxRR","Gos","F","FALSE"," 0","GRxRRA",1000,"Observed",22.6,3.57476535851251
"9855","nM17","nM17","5/28/2015","17","17","44","GR","RRA","GRxRR","Gos","M"," TRUE"," 0","GRxRRA",1000,"Observed",33.45,3.6917404253849
"9889","nM18","nM18","5/28/2015","18","18","44","GR","RRA","GRxRR","Gos","F","FALSE"," 0","GRxRRA",1000,"Observed",24.15,3.86992451986776
"9923","nM19","nM19","5/28/2015","19"," 9","44","GR","RRA","GRxRR","Gos","F"," TRUE"," 0","GRxRRA",1000,"Observed",87.65,5.6220898904982
"9952","nM23","nM23","4/16/2015","23","23","44","GR","RRA","GRxRR","Gos","M","FALSE"," 0","GRxRRA",1000,"Observed",118.2,7.34560376938765
"9968","nM25","nM25","4/16/2015","25","25","44","GR","RRA","GRxRR","Gos","F","FALSE"," 0","GRxRRA",1000,"Observed",120.25,8.30899955976714
"9991","nM27","nM27","4/16/2015","27","27","44","GR","RRA","GRxRR","Gos","F","FALSE"," 1","GRxRRA",1000,"Observed",124.9,7.18111558552232
"10010","nM28","nM28","4/16/2015","28","28","44","GR","RRA","GRxRR","Gos","M"," TRUE"," 0","GRxRRA",1000,"Observed",53.4,2.47938871923154
"10017","nM29","nM29","4/16/2015","29","29","44","GR","RRA","GRxRR","Gos","F","FALSE"," 0","GRxRRA",1000,"Observed",115.45,6.9242138067874
"10044","nM2","nM2","4/28/2015"," 2"," 2","42","GR","RRA","GRxRR","Gos","F","FALSE"," 0","GRxRRA",1000,"Observed",31.8,2.56699701679034
"10057","nM30","nM30","4/16/2015","30","16","44","GR","RRA","GRxRR","Gos","M","FALSE"," 0","GRxRRA",1000,"Observed",171.85,6.13252759772364
"10077","nM32","nM32","4/16/2015","32","18","44","GR","RRA","GRxRR","Gos","M","FALSE"," 1","GRxRRA",1000,"Observed",81.7,6.54619214344854
"10095","nM33","nM33","4/16/2015","33","19","44","GR","RRA","GRxRR","Gos","M","FALSE"," 0","GRxRRA",1000,"Observed",184.65,8.45592286973736
"10109","nM34","nM34","4/16/2015","34","20","44","GR","RRA","GRxRR","Gos","M"," TRUE"," 1","GRxRRA",1000,"Observed",83.2,4.1371233331488
"10140","nM4","nM4","4/28/2015"," 4"," 4","42","GR","RRA","GRxRR","Gos","F","FALSE"," 0","GRxRRA",1000,"Observed",72.35,5.0395801830165
"10154","nM5","nM5","4/28/2015"," 5"," 5","42","GR","RRA","GRxRR","Gos","F","FALSE"," 0","GRxRRA",1000,"Observed",73.1,4.68929351653429
"10170","nM6","nM6","4/28/2015"," 6"," 6","42","GR","RRA","GRxRR","Gos","M","FALSE"," 0","GRxRRA",1000,"Observed",36.5,4.40693233798511
"10202","nM7","nM7","4/28/2015"," 7"," 7","42","GR","RRA","GRxRR","Gos","M","FALSE"," 0","GRxRRA",1000,"Observed",23.5,3.30071762532109
"10228","nM9","nM9","4/28/2015"," 9"," 9","42","GR","RRA","GRxRR","Gos","F","FALSE"," 1","GRxRRA",1000,"Observed",32,3.30868076747404
"10254","nN10","nN10","5/27/2015","10","10","43","GRA","RRA","GRxRR","Gos","F","FALSE"," 0","GRAxRRA",1000,"Observed",54.8,4.76389933165104
"10286","nN11","nN11","5/27/2015","11","11","43","GRA","RRA","GRxRR","Gos","F","FALSE"," 0","GRAxRRA",1000,"Observed",68.1,5.72069189779293
"10349","nN12","nN12","5/27/2015","12","12","43","GRA","RRA","GRxRR","Gos","M","FALSE"," 0","GRAxRRA",1000,"Observed",95.3,6.19932084565466
"10363","nN13","nN13","5/27/2015","13","13","43","GRA","RRA","GRxRR","Gos","M","FALSE"," 0","GRAxRRA",1000,"Observed",141.35,9.26382324165523
"10392","nN14","nN14","5/27/2015","14","14","43","GRA","RRA","GRxRR","Gos","M","FALSE"," 0","GRAxRRA",1000,"Observed",116.7,5.54503096664506
"10420","nN15","nN15","5/27/2015","15","15","43","GRA","RRA","GRxRR","Gos","F","FALSE"," 0","GRAxRRA",1000,"Observed",185.7,7.03450144120504
"10437","nN17","nN17","5/27/2015","17","17","43","GRA","RRA","GRxRR","Gos","F","FALSE"," 0","GRAxRRA",1000,"Observed",82.8,7.38846896753384
"10463","nN18","nN18","5/27/2015","18","18","43","GRA","RRA","GRxRR","Gos","M","FALSE"," 0","GRAxRRA",1000,"Observed",20.8,3.07108758379966
"10476","nN19","nN19","5/27/2015","19","19","43","GRA","RRA","GRxRR","Gos","F","FALSE"," 0","GRAxRRA",1000,"Observed",89.85,5.91407776322511
"10488","nN1","nN1","5/27/2015"," 1"," 1","43","GRA","RRA","GRxRR","Gos","F","FALSE"," 0","GRAxRRA",1000,"Observed",51.3,4.62373738099614
"10525","nN2","nN2","5/27/2015"," 2"," 2","43","GRA","RRA","GRxRR","Gos","M","FALSE"," 0","GRAxRRA",1000,"Observed",97.35,6.27673230439634
"10558","nN4","nN4","5/27/2015"," 4"," 4","43","GRA","RRA","GRxRR","Gos","F","FALSE"," 0","GRAxRRA",1000,"Observed",77.6,4.69490205043278
"10649","nN5","nN5","5/27/2015"," 5"," 5","43","GRA","RRA","GRxRR","Gos","F","FALSE"," 0","GRAxRRA",1000,"Observed",55.45,4.94682247827623
"10685","nN6","nN6","5/27/2015"," 6"," 6","43","GRA","RRA","GRxRR","Gos","F","FALSE"," 0","GRAxRRA",1000,"Observed",53.75,5.7662812973354
"10716","nN7","nN7","5/27/2015"," 7"," 7","43","GRA","RRA","GRxRR","Gos","F","FALSE"," 0","GRAxRRA",1000,"Observed",25.55,3.01705677423335
"10826","nN8","nN8","5/27/2015"," 8"," 8","43","GRA","RRA","GRxRR","Gos","M","FALSE"," 0","GRAxRRA",1000,"Observed",42.35,6.09810151647733
"10864","nN9","nN9","5/27/2015"," 9"," 9","43","GRA","RRA","GRxRR","Gos","M","FALSE"," 0","GRAxRRA",1000,"Observed",37.65,4.42808025411036
"10887","nO10","nO10","3/11/2015","10","10","42","GR","RR","GRxRR","Gos","M","FALSE"," 0","GRxRR",1000,"Observed",305.85,9.60413836240454
"10912","nO12","nO12","3/11/2015","12","12","42","GR","RR","GRxRR","Gos","M"," TRUE"," 1","GRxRR",1000,"Observed",65.9,4.67805627652295
"10938","nO13","nO13","3/25/2015","13"," 1","42","GR","RR","GRxRR","Gos","F"," TRUE"," 0","GRxRR",1000,"Observed",25.55,2.89236745135956
"10963","nO15","nO15","3/25/2015","15"," 3","42","GR","RR","GRxRR","Gos","F"," TRUE"," 0","GRxRR",1000,"Observed",36.7,3.14726280407194
"10994","nO16","nO16","3/25/2015","16"," 4","42","GR","RR","GRxRR","Gos","F"," TRUE"," 1","GRxRR",1000,"Observed",59.6,4.89252921353191
"11017","nO17","nO17","3/25/2015","17"," 5","42","GR","RR","GRxRR","Gos","M","FALSE"," 2","GRxRR",1000,"Observed",32.7,2.9929742292312
"11029","nO18","nO18","3/25/2015","18"," 6","42","GR","RR","GRxRR","Gos","F","FALSE"," 0","GRxRR",1000,"Observed",81.35,5.67798147973472
"11048","nO19","nO19","3/25/2015","19"," 7","42","GR","RR","GRxRR","Gos","M","FALSE"," 0","GRxRR",1000,"Observed",95.5,4.43075376740442
"11060","nO1","nO1","3/11/2015"," 1"," 1","42","GR","RR","GRxRR","Gos","M","FALSE"," 0","GRxRR",1000,"Observed",103.75,4.42332335169883
"11073","nO20","nO20","3/25/2015","20"," 8","42","GR","RR","GRxRR","Gos","F","FALSE"," 1","GRxRR",1000,"Observed",87.85,8.2224020053049
"11109","nO21","nO21","3/25/2015","21"," 9","42","GR","RR","GRxRR","Gos","M"," TRUE"," 4","GRxRR",1000,"Observed",24.65,4.19617620421761
"11143","nO22","nO22","3/25/2015","22","10","42","GR","RR","GRxRR","Gos","M","FALSE"," 1","GRxRR",1000,"Observed",58.15,2.833539724165
"11153","nO24","nO24","3/25/2015","24","12","42","GR","RR","GRxRR","Gos","M","FALSE"," 0","GRxRR",1000,"Observed",107.85,3.73144532460631
"11163","nO25","nO25","3/25/2015","25","13","42","GR","RR","GRxRR","Gos","F","FALSE"," 0","GRxRR",1000,"Observed",103.2,6.27945689907722
"11181","nO26","nO26","3/25/2015","26","14","42","GR","RR","GRxRR","Gos","M","FALSE"," 0","GRxRR",1000,"Observed",56.85,3.96398258002439
"11189","nO27","nO27","3/25/2015","27","15","42","GR","RR","GRxRR","Gos","M","FALSE"," 0","GRxRR",1000,"Observed",54.2,3.27028085064651
"11198","nO28","nO28","3/25/2015","28","16","42","GR","RR","GRxRR","Gos","F"," TRUE"," 2","GRxRR",1000,"Observed",45.55,5.39468549397899
"11254","nO29","nO29","3/25/2015","29","17","42","GR","RR","GRxRR","Gos","M","FALSE"," 0","GRxRR",1000,"Observed",14.15,2.25423577900991
"11274","nO30","nO30","3/25/2015","30","18","42","GR","RR","GRxRR","Gos","M","FALSE"," 0","GRxRR",1000,"Observed",128.65,6.70643838333535
"11300","nO31","nO31","3/25/2015","31","19","42","GR","RR","GRxRR","Gos","F","FALSE"," 0","GRxRR",1000,"Observed",57.7,5.82282261089025
"11345","nO32","nO32","3/25/2015","32","20","42","GR","RR","GRxRR","Gos","F"," TRUE"," 0","GRxRR",1000,"Observed",44.2,3.36545922415852
"11362","nO33","nO33","4/22/2015","33","15","43","GR","RR","GRxRR","Gos","M","FALSE"," 0","GRxRR",1000,"Observed",98.4,5.66057464071961
"11384","nO34","nO34","4/22/2015","34","16","43","GR","RR","GRxRR","Gos","F"," TRUE"," 1","GRxRR",1000,"Observed",49.35,4.15837772011609
"11409","nO35","nO35","4/22/2015","35","17","43","GR","RR","GRxRR","Gos","F"," TRUE"," 0","GRxRR",1000,"Observed",34.7,4.05358840379341
"11435","nO36","nO36","4/22/2015","36","18","43","GR","RR","GRxRR","Gos","F","FALSE"," 0","GRxRR",1000,"Observed",51.7,5.14116513519731
"11462","nO37","nO37","4/22/2015","37","19","43","GR","RR","GRxRR","Gos","F"," TRUE"," 0","GRxRR",1000,"Observed",28.35,2.30045762037858
"11473","nO38","nO38","4/22/2015","38","20","43","GR","RR","GRxRR","Gos","F","FALSE"," 4","GRxRR",1000,"Observed",23.75,3.79577327258124
"11509","nO39","nO39","4/22/2015","39","21","43","GR","RR","GRxRR","Gos","F","FALSE"," 0","GRxRR",1000,"Observed",23.45,3.34781940027268
"11594","nO40","nO40","4/22/2015","40","22","43","GR","RR","GRxRR","Gos","M","FALSE"," 1","GRxRR",1000,"Observed",164.5,6.70035348635468
"11610","nO41","nO41","4/22/2015","41","23","43","GR","RR","GRxRR","Gos","M","FALSE"," 0","GRxRR",1000,"Observed",32.4,2.13738650052619
"11617","nO42","nO42","4/22/2015","42","24","43","GR","RR","GRxRR","Gos","M","FALSE"," 1","GRxRR",1000,"Observed",27.35,4.51051403302387
"11662","nO44","nO44","4/3/2015","44"," 1","45","GR","RR","GRxRR","Gos","F","FALSE"," 0","GRxRR",1000,"Observed",145.9,6.45551579740351
"11683","nO45","nO45","4/3/2015","45"," 2","45","GR","RR","GRxRR","Gos","F","FALSE"," 0","GRxRR",1000,"Observed",58.95,5.76262915142404
"11728","nO46","nO46","4/3/2015","46"," 3","45","GR","RR","GRxRR","Gos","M","FALSE"," 0","GRxRR",1000,"Observed",203.8,6.08362772659451
"11738","nO47","nO47","4/3/2015","47"," 4","45","GR","RR","GRxRR","Gos","F","FALSE"," 0","GRxRR",1000,"Observed",39.6,3.99209745688443
"11756","nO49","nO49","4/3/2015","49"," 6","45","GR","RR","GRxRR","Gos","F","FALSE"," 0","GRxRR",1000,"Observed",97.65,4.96593660005738
"11793","nO51","nO51","4/3/2015","51"," 8","45","GR","RR","GRxRR","Gos","F","FALSE"," 0","GRxRR",1000,"Observed",136.25,4.27815749814653
"11803","nO52","nO52","4/3/2015","52"," 9","45","GR","RR","GRxRR","Gos","M","FALSE"," 0","GRxRR",1000,"Observed",128.7,6.41626223378001
"11818","nO53","nO53","4/3/2015","53","10","45","GR","RR","GRxRR","Gos","M","FALSE"," 0","GRxRR",1000,"Observed",75.05,4.35859707027991
"11838","nO54","nO54","4/3/2015","54","11","45","GR","RR","GRxRR","Gos","F","FALSE"," 0","GRxRR",1000,"Observed",171.1,7.3262326069083
"11851","nO55","nO55","4/3/2015","55","12","45","GR","RR","GRxRR","Gos","M","FALSE"," 0","GRxRR",1000,"Observed",50.2,4.94815223354292
"11879","nO56","nO56","4/3/2015","56","13","45","GR","RR","GRxRR","Gos","M","FALSE"," 0","GRxRR",1000,"Observed",22.15,3.21632349773857
"11906","nO57","nO57","4/3/2015","57","14","45","GR","RR","GRxRR","Gos","M"," TRUE"," 0","GRxRR",1000,"Observed",29.45,4.34650494801949
"11934","nO58","nO58","4/3/2015","58","15","45","GR","RR","GRxRR","Gos","M"," TRUE"," 0","GRxRR",1000,"Observed",27.2,4.29932675268068
"11962","nO59","nO59","4/3/2015","59","16","45","GR","RR","GRxRR","Gos","M","FALSE"," 0","GRxRR",1000,"Observed",39.05,3.87264359592419
"11984","nO5","nO5","3/11/2015"," 5"," 5","42","GR","RR","GRxRR","Gos","M","FALSE"," 0","GRxRR",1000,"Observed",152.25,6.51213442251019
"12005","nO60","nO60","4/3/2015","60","17","45","GR","RR","GRxRR","Gos","M","FALSE"," 2","GRxRR",1000,"Observed",47.35,4.61433692562191
"12029","nO61","nO61","4/3/2015","61","18","45","GR","RR","GRxRR","Gos","M"," TRUE"," 1","GRxRR",1000,"Observed",42.15,3.67459270926008
"12049","nO62","nO62","4/3/2015","62","19","45","GR","RR","GRxRR","Gos","F","FALSE"," 0","GRxRR",1000,"Observed",12.65,2.90688837074973
"12073","nO63","nO63","4/3/2015","63","20","45","GR","RR","GRxRR","Gos","M","FALSE"," 0","GRxRR",1000,"Observed",22.8,3.92830484399676
"12100","nO64","nO64","4/3/2015","64","21","45","GR","RR","GRxRR","Gos","F","FALSE"," 1","GRxRR",1000,"Observed",54,3.53925356388514
"12116","nO65","nO65","4/3/2015","65","22","45","GR","RR","GRxRR","Gos","F"," TRUE"," 0","GRxRR",1000,"Observed",17.7,2.17884566251321
"12126","nO66","nO66","1/27/2015","66","15","42","GR","RR","GRxRR","Gos","M","FALSE"," 0","GRxRR",1000,"Observed",26.2,3.62157279005741
"12142","nO67","nO67","1/27/2015","67","16","42","GR","RR","GRxRR","Gos","M","FALSE"," 0","GRxRR",1000,"Observed",58.35,4.93403859349572
"12152","nO69","nO69","1/27/2015","69","18","42","GR","RR","GRxRR","Gos","M"," TRUE"," 1","GRxRR",1000,"Observed",71.1,6.03411354846671
"12170","nO6","nO6","3/11/2015"," 6"," 6","42","GR","RR","GRxRR","Gos","M","FALSE"," 0","GRxRR",1000,"Observed",97.95,5.94248751742373
"12187","nO70","nO70","1/27/2015","70"," 9","42","GR","RR","GRxRR","Gos","M","FALSE"," 0","GRxRR",1000,"Observed",41.8,4.39617058239028
"12203","nO71","nO71","1/27/2015","71","10","42","GR","RR","GRxRR","Gos","M","FALSE"," 1","GRxRR",1000,"Observed",36.35,3.99044912391153
"12228","nO72","nO72","1/27/2015","72","11","42","GR","RR","GRxRR","Gos","M"," TRUE"," 0","GRxRR",1000,"Observed",32.4,4.52362220955031
"12257","nO73","nO73","1/27/2015","73","12","42","GR","RR","GRxRR","Gos","F"," TRUE"," 0","GRxRR",1000,"Observed",128.2,5.70871909312505
"12271","nO74","nO74","1/27/2015","74","13","42","GR","RR","GRxRR","Gos","F"," TRUE"," 1","GRxRR",1000,"Observed",35.4,4.36975249208754
"12298","nO75","nO75","1/27/2015","75","14","42","GR","RR","GRxRR","Gos","F"," TRUE"," 1","GRxRR",1000,"Observed",46.15,5.02912569570078
"12337","nO7","nO7","3/11/2015"," 7"," 7","42","GR","RR","GRxRR","Gos","F","FALSE"," 0","GRxRR",1000,"Observed",133.75,7.33323365163512
"12350","nO8","nO8","3/11/2015"," 8"," 8","42","GR","RR","GRxRR","Gos","F"," TRUE"," 1","GRxRR",1000,"Observed",76.65,6.07215387087473
"12393","nO9","nO9","3/11/2015"," 9"," 9","42","GR","RR","GRxRR","Gos","F"," TRUE"," 1","GRxRR",1000,"Observed",14.4,3.47017366469719
"12439","nP10","nP10","11/13/2015","10","10","43","GRA","RR42A","GRxRR","Echo","F","FALSE"," 1","GRAxRR42A",1000,"Observed",68.35,2.68082862288196
"12447","nP11","nP11","11/13/2015","11","11","43","GRA","RR42A","GRxRR","Echo","M","FALSE"," 0","GRAxRR42A",1000,"Observed",185.35,7.9490151657462
"12457","nP12","nP12","11/13/2015","12","12","43","GRA","RR42A","GRxRR","Echo","M","FALSE"," 0","GRAxRR42A",1000,"Observed",211,5.02624689950035
"12472","nP13","nP13","11/13/2015","13","13","43","GRA","RR42A","GRxRR","Echo","F","FALSE"," 1","GRAxRR42A",1000,"Observed",111,5.53458028646874
"12488","nP15","nP15","11/13/2015","15","15","43","GRA","RR42A","GRxRR","Echo","M","FALSE"," 0","GRAxRR42A",1000,"Observed",164.85,7.68645425065214
"12501","nP16","nP16","11/13/2015","16","16","43","GRA","RR42A","GRxRR","Echo","F","FALSE"," 0","GRAxRR42A",1000,"Observed",45.05,2.87411313552363
"12509","nP17","nP17","11/13/2015","17","17","43","GRA","RR42A","GRxRR","Echo","F"," TRUE"," 0","GRAxRR42A",1000,"Observed",155.25,5.24027922116651
"12527","nP18","nP18","11/13/2015","18","18","43","GRA","RR42A","GRxRR","Echo","M","FALSE"," 0","GRAxRR42A",1000,"Observed",55.35,2.15882521659107
"12535","nP19","nP19","11/13/2015","19","19","43","GRA","RR42A","GRxRR","Echo","M"," TRUE"," 0","GRAxRR42A",1000,"Observed",104.3,6.342006987664
"12553","nP20","nP20","11/13/2015","20","20","43","GRA","RR42A","GRxRR","Echo","F","FALSE"," 0","GRAxRR42A",1000,"Observed",66.15,5.22418465056107
"12578","nP2","nP2","11/13/2015"," 2"," 2","43","GRA","RR42A","GRxRR","Echo","F"," TRUE"," 0","GRAxRR42A",1000,"Observed",62.7,4.53175927265153
"12587","nP3","nP3","11/13/2015"," 3"," 3","43","GRA","RR42A","GRxRR","Echo","M","FALSE"," 0","GRAxRR42A",1000,"Observed",69.95,2.68475226731296
"12595","nP4","nP4","11/13/2015"," 4"," 4","43","GRA","RR42A","GRxRR","Echo","M","FALSE"," 0","GRAxRR42A",1000,"Observed",125.85,4.77135090657606
"12608","nP5","nP5","11/13/2015"," 5"," 5","43","GRA","RR42A","GRxRR","Echo","M"," TRUE","11","GRAxRR42A",1000,"Observed",16.65,2.71981036490646
"12622","nP6","nP6","11/13/2015"," 6"," 6","43","GRA","RR42A","GRxRR","Echo","M","FALSE"," 0","GRAxRR42A",1000,"Observed",44.1,4.01182462753611
"12636","nP7","nP7","11/13/2015"," 7"," 7","43","GRA","RR42A","GRxRR","Echo","M","FALSE"," 5","GRAxRR42A",1000,"Observed",51.35,3.91051214844781
"12645","nP8","nP8","11/13/2015"," 8"," 8","43","GRA","RR42A","GRxRR","Echo","M","FALSE"," 0","GRAxRR42A",1000,"Observed",120.2,6.47749139226307
"12666","nQ11","nQ11","4/24/2015","11","25","45","GR8","RR","GRxRR","Gos","F","FALSE"," 0","GR8xRR",1000,"Observed",15.6,2.79849583658229
"12683","nQ1","nQ1","4/24/2015"," 1","15","45","GR8","RR","GRxRR","Gos","F","FALSE"," 0","GR8xRR",1000,"Observed",23.1,2.17400915119364
"12694","nQ2","nQ2","4/24/2015"," 2","16","45","GR8","RR","GRxRR","Gos","F"," TRUE"," 0","GR8xRR",1000,"Observed",9.85,2.23076574060875
"12716","nQ3","nQ3","4/24/2015"," 3","17","45","GR8","RR","GRxRR","Gos","M","FALSE"," 0","GR8xRR",1000,"Observed",18.15,3.1165939573093
"12733","nQ7","nQ7","4/24/2015"," 7","21","45","GR8","RR","GRxRR","Gos","F","FALSE"," 1","GR8xRR",1000,"Observed",20.3,2.65766022936282
"12746","nQ8","nQ8","4/24/2015"," 8","22","45","GR8","RR","GRxRR","Gos","M","FALSE"," 1","GR8xRR",1000,"Observed",22.45,2.92853475128326
"12776","nR1","nR1","12/17/2014"," 1"," 1","43","RG32A","GGA","RGxGG","Gos","M","FALSE"," 0","RG32AxGGA",1000,"Observed",12.4,2.81724015754127
"12800","nR2","nR2","12/17/2014"," 2"," 2","43","RG32A","GGA","RGxGG","Gos","F","FALSE"," 0","RG32AxGGA",1000,"Observed",27.15,2.81490394339244
"12813","nR3","nR3","12/17/2014"," 3"," 3","43","RG32A","GGA","RGxGG","Gos","M","FALSE"," 0","RG32AxGGA",1000,"Observed",17.55,2.81864095657912
"12835","nR4","nR4","12/17/2014"," 4"," 4","43","RG32A","GGA","RGxGG","Gos","F","FALSE"," 0","RG32AxGGA",1000,"Observed",107.7,4.10519568095692
"12847","nR5","nR5","12/17/2014"," 5"," 5","43","RG32A","GGA","RGxGG","Gos","M","FALSE"," 0","RG32AxGGA",1000,"Observed",14.4,2.16187053509832
"12874","nR6","nR6","12/17/2014"," 6"," 6","43","RG32A","GGA","RGxGG","Gos","M","FALSE"," 0","RG32AxGGA",1000,"Observed",52.25,4.15331193145904
"12887","nR7","nR7","12/17/2014"," 7"," 7","43","RG32A","GGA","RGxGG","Gos","M","FALSE"," 0","RG32AxGGA",1000,"Observed",36.55,3.74833296279826
"12905","nR8","nR8","12/17/2014"," 8"," 8","43","RG32A","GGA","RGxGG","Gos","M"," TRUE"," 3","RG32AxGGA",1000,"Observed",26.55,4.4894613438468
"12926","nR9","nR9","12/17/2014"," 9"," 9","43","RG32A","GGA","RGxGG","Gos","F","FALSE"," 0","RG32AxGGA",1000,"Observed",12.4,3.08476732893815
"12950","nS10","nS10","4/24/2015","10","10","45","RG32A","GG","RGxGG","Gos","M","FALSE"," 0","RG32AxGG",1000,"Observed",82.6,6.36933442775865
"12975","nS12","nS12","4/24/2015","12","12","45","RG32A","GG","RGxGG","Gos","M"," TRUE"," 0","RG32AxGG",1000,"Observed",74.4,4.30910907875765
"12997","nS13","nS13","4/24/2015","13","13","45","RG32A","GG","RGxGG","Gos","M"," TRUE"," 0","RG32AxGG",1000,"Observed",48.55,5.4432478694637
"13025","nS14","nS14","4/24/2015","14","14","45","RG32A","GG","RGxGG","Gos","F","FALSE"," 2","RG32AxGG",1000,"Observed",27.75,4.67777499965191
"13038","nS1","nS1","4/24/2015"," 1"," 1","45","RG32A","GG","RGxGG","Gos","F","FALSE"," 0","RG32AxGG",1000,"Observed",58.1,5.49545266561363
"13063","nS2","nS2","4/24/2015"," 2"," 2","45","RG32A","GG","RGxGG","Gos","M","FALSE"," 2","RG32AxGG",1000,"Observed",37.35,4.99763101773967
"13080","nS3","nS3","4/24/2015"," 3"," 3","45","RG32A","GG","RGxGG","Gos","F","FALSE"," 0","RG32AxGG",1000,"Observed",55.65,3.70312812291674
"13095","nS4","nS4","4/24/2015"," 4"," 4","45","RG32A","GG","RGxGG","Gos","F","FALSE"," 0","RG32AxGG",1000,"Observed",44.85,5.01864943040089
"13116","nS5","nS5","4/24/2015"," 5"," 5","45","RG32A","GG","RGxGG","Gos","M","FALSE"," 0","RG32AxGG",1000,"Observed",69.45,5.42387509559647
"13136","nS6","nS6","4/24/2015"," 6"," 6","45","RG32A","GG","RGxGG","Gos","M"," TRUE"," 0","RG32AxGG",1000,"Observed",126.25,5.80267633351878
"13151","nS7","nS7","4/24/2015"," 7"," 7","45","RG32A","GG","RGxGG","Gos","M"," TRUE"," 1","RG32AxGG",1000,"Observed",81.95,5.84425043593229
"13171","nS8","nS8","4/24/2015"," 8"," 8","45","RG32A","GG","RGxGG","Gos","F","FALSE"," 3","RG32AxGG",1000,"Observed",29.15,2.96070759678902
"13186","nS9","nS9","4/24/2015"," 9"," 9","45","RG32A","GG","RGxGG","Gos","M","FALSE"," 0","RG32AxGG",1000,"Observed",26.9,4.14093810881697
"13217","nT10","nT10","4/28/2015","10","21","40","GRB","GG41","GRXGG","Gos","M","FALSE"," 0","GRBxGG41",1000,"Observed",38.8,5.63448031508254
"13238","nT11","nT11","4/28/2015","11","22","40","GRB","GG41","GRXGG","Gos","M","FALSE"," 0","GRBxGG41",1000,"Observed",32.4,4.84930814381642
"13258","nT12","nT12","4/28/2015","12","23","40","GRB","GG41","GRXGG","Gos","M"," TRUE"," 0","GRBxGG41",1000,"Observed",19.5,2.66556994991592
"13271","nT13","nT13","4/28/2015","13","24","40","GRB","GG41","GRXGG","Gos","M"," TRUE"," 0","GRBxGG41",1000,"Observed",17.15,2.43386199496321
"13290","nT14","nT14","4/28/2015","14","25","40","GRB","GG41","GRXGG","Gos","F"," TRUE"," 1","GRBxGG41",1000,"Observed",61.1,5.46664527167401
"13338","nT15","nT15","4/28/2015","15","26","40","GRB","GG41","GRXGG","Gos","F","FALSE"," 0","GRBxGG41",1000,"Observed",59.4,6.53250979413933
"13355","nT16","nT16","4/28/2015","16","27","40","GRB","GG41","GRXGG","Gos","F","FALSE"," 1","GRBxGG41",1000,"Observed",36.45,2.70428509864194
"13367","nT17","nT17","4/28/2015","17","28","40","GRB","GG41","GRXGG","Gos","M","FALSE"," 0","GRBxGG41",1000,"Observed",118.55,5.21611874259416
"13379","nT1","nT1","4/28/2015"," 1","12","40","GRB","GG41","GRXGG","Gos","F","FALSE"," 0","GRBxGG41",1000,"Observed",167.55,9.89138381037813
"13392","nT2","nT2","4/28/2015"," 2","13","40","GRB","GG41","GRXGG","Gos","M","FALSE"," 0","GRBxGG41",1000,"Observed",111.6,8.08767743643312
"13405","nT3","nT3","4/28/2015"," 3","14","40","GRB","GG41","GRXGG","Gos","F","FALSE"," 0","GRBxGG41",1000,"Observed",74.45,5.06250406107699
"13418","nT4","nT4","4/28/2015"," 4","15","40","GRB","GG41","GRXGG","Gos","M","FALSE"," 1","GRBxGG41",1000,"Observed",115.3,7.69894046025337
"13437","nT5","nT5","4/28/2015"," 5","16","40","GRB","GG41","GRXGG","Gos","F","FALSE"," 3","GRBxGG41",1000,"Observed",141.45,4.96805585187691
"13449","nT6","nT6","4/28/2015"," 6","17","40","GRB","GG41","GRXGG","Gos","F"," TRUE"," 3","GRBxGG41",1000,"Observed",137.3,6.39983552420233
"13469","nT7","nT7","4/28/2015"," 7","18","40","GRB","GG41","GRXGG","Gos","M","FALSE"," 0","GRBxGG41",1000,"Observed",125.65,4.33194984662614
"13479","nT8","nT8","4/28/2015"," 8","19","40","GRB","GG41","GRXGG","Gos","M"," TRUE"," 0","GRBxGG41",1000,"Observed",106.1,5.01471518842822
"13492","nT9","nT9","4/28/2015"," 9","20","40","GRB","GG41","GRXGG","Gos","F","FALSE"," 0","GRBxGG41",1000,"Observed",152.75,6.71898331908223
